邮件种类,承运人名称,Barcode,CN38时间,接收扫描时间,启运地点,启运时间,中转到达地点,中转到达时间,中转启运时间,到达地点,目的地到达时间,目的地交邮时间,收费路由,航班,重量,费率,金额,币种,账务时期,账单编号,备注,运能编码,箱板类型,集装器号（板号）
EA,天泽物流,CNCANDUSJFKFAUX51691002000071,20250403,20250403,HKG,20250403,,,,JFK,20250404,20250405,HKG-(RUH)-JFK,SV985-023,7.100,45.00,319.50,RMB,202504,,,6102019,D,
EA,天泽物流,CNCANDUSJFKFAUX51691004000128,20250403,20250403,HKG,20250403,,,,JFK,20250404,20250405,HKG-(RUH)-JFK,SV985-023,12.800,45.00,576.00,RMB,202504,,,6102019,D,
EA,天泽物流,CNCANDUSJFKFAUX51691008000125,20250403,20250403,HKG,20250403,,,,JFK,20250404,20250405,HKG-(RUH)-JFK,SV985-023,12.500,45.00,562.50,RMB,202504,,,6102019,D,
EA,天泽物流,CNCANDUSJFKFAUX51700005000111,20250403,20250403,HKG,20250403,,,,JFK,20250404,20250405,HKG-(RUH)-JFK,SV985-023,11.100,45.00,499.50,RMB,202504,,,6102019,D,
EA,天泽物流,CNCANDUSJFKFAUX51700011000203,20250403,20250403,HKG,20250403,,,,JFK,20250404,20250405,HKG-(RUH)-JFK,SV985-023,20.300,45.00,913.50,RMB,202504,,,6102019,D,
EA,天泽物流,CNCANDUSJFKFAUX51700020000121,20250403,20250403,HKG,20250403,,,,JFK,20250404,20250405,HKG-(RUH)-JFK,SV985-023,12.100,45.00,544.50,RMB,202504,,,6102019,D,
EA,天泽物流,CNCANDUSJFKFAUX51689001000148,20250403,20250403,HKG,20250403,,,,JFK,20250404,20250405,HKG-(RUH)-JFK,SV985-023,14.800,45.00,666.00,RMB,202504,,,6102019,D,
EA,天泽物流,CNCANDUSJFKFAUX51691007000142,20250403,20250403,HKG,20250403,,,,JFK,20250404,20250405,HKG-(RUH)-JFK,SV985-023,14.200,45.00,639.00,RMB,202504,,,6102019,D,
EA,天泽物流,CNCANDUSJFKFAUX51692001100010,20250403,20250403,HKG,20250403,,,,JFK,20250404,20250405,HKG-(RUH)-JFK,SV985-023,1.000,45.00,45.00,RMB,202504,,,6102019,D,
EA,天泽物流,CNCANDUSJFKFAUX51696005000186,20250403,20250403,HKG,20250403,,,,JFK,20250404,20250405,HKG-(RUH)-JFK,SV985-023,18.600,45.00,837.00,RMB,202504,,,6102019,D,
EA,天泽物流,CNCANDUSJFKFAUX51704001100171,20250403,20250403,HKG,20250403,,,,JFK,20250404,20250405,HKG-(RUH)-JFK,SV985-023,17.100,45.00,769.50,RMB,202504,,,6102019,D,
EA,天泽物流,CNCANDUSJFKFAUX51691003000152,20250403,20250403,HKG,20250403,,,,JFK,20250404,20250405,HKG-(RUH)-JFK,SV985-023,15.200,45.00,684.00,RMB,202504,,,6102019,D,
EA,天泽物流,CNCANDUSJFKFAUX51691009100032,20250403,20250403,HKG,20250403,,,,JFK,20250404,20250405,HKG-(RUH)-JFK,SV985-023,3.200,45.00,144.00,RMB,202504,,,6102019,D,
EA,天泽物流,CNCANDUSJFKFAUX51696006000145,20250403,20250403,HKG,20250403,,,,JFK,20250404,20250405,HKG-(RUH)-JFK,SV985-023,14.500,45.00,652.50,RMB,202504,,,6102019,D,
EA,天泽物流,CNCANDUSJFKFAUX51700019000149,20250403,20250403,HKG,20250403,,,,JFK,20250404,20250405,HKG-(RUH)-JFK,SV985-023,14.900,45.00,670.50,RMB,202504,,,6102019,D,
EA,天泽物流,CNCANDUSJFKFAUX51691001000113,20250403,20250403,HKG,20250403,,,,JFK,20250404,20250405,HKG-(RUH)-JFK,SV985-023,11.300,45.00,508.50,RMB,202504,,,6102019,D,
EA,天泽物流,CNCANDUSJFKFAUX51691005000213,20250403,20250403,HKG,20250403,,,,JFK,20250404,20250405,HKG-(RUH)-JFK,SV985-023,21.300,45.00,958.50,RMB,202504,,,6102019,D,
EA,天泽物流,CNCANDUSJFKFAUX51691006000107,20250403,20250403,HKG,20250403,,,,JFK,20250404,20250405,HKG-(RUH)-JFK,SV985-023,10.700,45.00,481.50,RMB,202504,,,6102019,D,
EA,天泽物流,CNCANDUSJFKFAUX51693001100184,20250403,20250403,HKG,20250403,,,,JFK,20250404,20250405,HKG-(RUH)-JFK,SV985-023,18.400,45.00,828.00,RMB,202504,,,6102019,D,
EA,天泽物流,CNCANDUSJFKFAUX51700007000091,20250403,20250403,HKG,20250403,,,,JFK,20250404,20250405,HKG-(RUH)-JFK,SV985-023,9.100,45.00,409.50,RMB,202504,,,6102019,D,
EA,天泽物流,CNCANDUSJFKFAUX51700009000110,20250403,20250403,HKG,20250403,,,,JFK,20250404,20250405,HKG-(RUH)-JFK,SV985-023,11.000,45.00,495.00,RMB,202504,,,6102019,D,
EA,天泽物流,CNCANDUSJFKFAUX51700013000196,20250403,20250403,HKG,20250403,,,,JFK,20250404,20250405,HKG-(RUH)-JFK,SV985-023,19.600,45.00,882.00,RMB,202504,,,6102019,D,
EA,天泽物流,CNCANDUSJFKFAUX51707001000099,20250403,20250403,HKG,20250403,,,,JFK,20250404,20250405,HKG-(RUH)-JFK,SV985-023,9.900,45.00,445.50,RMB,202504,,,6102019,D,
EA,天泽物流,CNCANDUSJFKFAUX51722001000113,20250404,20250404,HKG,20250404,,,,JFK,20250405,20250406,HKG-(RUH)-JFK,SV985-023,11.300,45.00,508.50,RMB,202504,,,6102019,D,
EA,天泽物流,CNCANDUSJFKFAUX51722003000197,20250404,20250404,HKG,20250404,,,,JFK,20250405,20250406,HKG-(RUH)-JFK,SV985-023,19.700,45.00,886.50,RMB,202504,,,6102019,D,
EA,天泽物流,CNCANDUSJFKFAUX51726001000115,20250404,20250404,HKG,20250404,,,,JFK,20250405,20250406,HKG-(RUH)-JFK,SV985-023,11.500,45.00,517.50,RMB,202504,,,6102019,D,
EA,天泽物流,CNCANDUSJFKFAUX51732002000146,20250404,20250404,HKG,20250404,,,,JFK,20250405,20250406,HKG-(RUH)-JFK,SV985-023,14.600,45.00,657.00,RMB,202504,,,6102019,D,
EA,天泽物流,CNCANDUSJFKFAUX51732007000205,20250404,20250404,HKG,20250404,,,,JFK,20250405,20250406,HKG-(RUH)-JFK,SV985-023,20.500,45.00,922.50,RMB,202504,,,6102019,D,
EA,天泽物流,CNCANDUSJFKFAUX51744001100013,20250404,20250404,HKG,20250404,,,,JFK,20250405,20250406,HKG-(RUH)-JFK,SV985-023,1.300,45.00,58.50,RMB,202504,,,6102019,D,
EA,天泽物流,CNCANDUSJFKFAUX51689002100164,20250404,20250404,HKG,20250404,,,,JFK,20250405,20250406,HKG-(RUH)-JFK,SV985-023,16.400,45.00,738.00,RMB,202504,,,6102019,D,
EA,天泽物流,CNCANDUSJFKFAUX51722005100113,20250404,20250404,HKG,20250404,,,,JFK,20250405,20250406,HKG-(RUH)-JFK,SV985-023,11.300,45.00,508.50,RMB,202504,,,6102019,D,
EA,天泽物流,CNCANDUSJFKFAUX51732008000064,20250404,20250404,HKG,20250404,,,,JFK,20250405,20250406,HKG-(RUH)-JFK,SV985-023,6.400,45.00,288.00,RMB,202504,,,6102019,D,
EA,天泽物流,CNCANDUSJFKFAUX51732010000082,20250404,20250404,HKG,20250404,,,,JFK,20250405,20250406,HKG-(RUH)-JFK,SV985-023,8.200,45.00,369.00,RMB,202504,,,6102019,D,
EA,天泽物流,CNCANDUSJFKFAUX51732014100057,20250404,20250404,HKG,20250404,,,,JFK,20250405,20250406,HKG-(RUH)-JFK,SV985-023,5.700,45.00,256.50,RMB,202504,,,6102019,D,
EA,天泽物流,CNCANDUSJFKFAUX51722004000089,20250404,20250404,HKG,20250404,,,,JFK,20250405,20250406,HKG-(RUH)-JFK,SV985-023,8.900,45.00,400.50,RMB,202504,,,6102019,D,
EA,天泽物流,CNCANDUSJFKFAUX51732003000097,20250404,20250404,HKG,20250404,,,,JFK,20250405,20250406,HKG-(RUH)-JFK,SV985-023,9.700,45.00,436.50,RMB,202504,,,6102019,D,
EA,天泽物流,CNCANDUSJFKFAUX51732011000119,20250404,20250404,HKG,20250404,,,,JFK,20250405,20250406,HKG-(RUH)-JFK,SV985-023,11.900,45.00,535.50,RMB,202504,,,6102019,D,
EA,天泽物流,CNCANDUSJFKFAUX51732013000097,20250404,20250404,HKG,20250404,,,,JFK,20250405,20250406,HKG-(RUH)-JFK,SV985-023,9.700,45.00,436.50,RMB,202504,,,6102019,D,
EA,天泽物流,CNCANDUSJFKFAUX51740001100090,20250404,20250404,HKG,20250404,,,,JFK,20250405,20250406,HKG-(RUH)-JFK,SV985-023,9.000,45.00,405.00,RMB,202504,,,6102019,D,
EA,天泽物流,CNCANDUSJFKFAUX51745001100155,20250404,20250404,HKG,20250404,,,,JFK,20250405,20250406,HKG-(RUH)-JFK,SV985-023,15.500,45.00,697.50,RMB,202504,,,6102019,D,
EA,天泽物流,CNCANDUSJFKFAUX51746001100159,20250404,20250404,HKG,20250404,,,,JFK,20250405,20250406,HKG-(RUH)-JFK,SV985-023,15.900,45.00,715.50,RMB,202504,,,6102019,D,
EA,天泽物流,CNCANDUSJFKFAUX51722002000094,20250404,20250404,HKG,20250404,,,,JFK,20250405,20250406,HKG-(RUH)-JFK,SV985-023,9.400,45.00,423.00,RMB,202504,,,6102019,D,
EA,天泽物流,CNCANDUSJFKFAUX51726002100148,20250404,20250404,HKG,20250404,,,,JFK,20250405,20250406,HKG-(RUH)-JFK,SV985-023,14.800,45.00,666.00,RMB,202504,,,6102019,D,
EA,天泽物流,CNCANDUSJFKFAUX51732001000041,20250404,20250404,HKG,20250404,,,,JFK,20250405,20250406,HKG-(RUH)-JFK,SV985-023,4.100,45.00,184.50,RMB,202504,,,6102019,D,
EA,天泽物流,CNCANDUSJFKFAUX51732004000061,20250404,20250404,HKG,20250404,,,,JFK,20250405,20250406,HKG-(RUH)-JFK,SV985-023,6.100,45.00,274.50,RMB,202504,,,6102019,D,
EA,天泽物流,CNCANDUSJFKFAUX51732005000061,20250404,20250404,HKG,20250404,,,,JFK,20250405,20250406,HKG-(RUH)-JFK,SV985-023,6.100,45.00,274.50,RMB,202504,,,6102019,D,
EA,天泽物流,CNCANDUSJFKFAUX51732012000082,20250404,20250404,HKG,20250404,,,,JFK,20250405,20250406,HKG-(RUH)-JFK,SV985-023,8.200,45.00,369.00,RMB,202504,,,6102019,D,
EA,天泽物流,CNCANDUSJFKFAUX51736001100059,20250404,20250404,HKG,20250404,,,,JFK,20250405,20250406,HKG-(RUH)-JFK,SV985-023,5.900,45.00,265.50,RMB,202504,,,6102019,D,
EA,天泽物流,CNCANDUSJFKFAUX51742001100096,20250404,20250404,HKG,20250404,,,,JFK,20250405,20250406,HKG-(RUH)-JFK,SV985-023,9.600,45.00,432.00,RMB,202504,,,6102019,D,
EA,天泽物流,CNCANDUSJFKFAUX51696002000098,20250404,20250404,HKG,20250403,,,,JFK,20250404,20250405,HKG-(RUH)-JFK,SV985-023,9.800,45.00,441.00,RMB,202504,,,6102019,D,
EA,天泽物流,CNCANDUSJFKFAUX51696003000075,20250404,20250404,HKG,20250403,,,,JFK,20250404,20250405,HKG-(RUH)-JFK,SV985-023,7.500,45.00,337.50,RMB,202504,,,6102019,D,
EA,天泽物流,CNCANDUSJFKFAUX51700008000124,20250404,20250404,HKG,20250403,,,,JFK,20250404,20250405,HKG-(RUH)-JFK,SV985-023,12.400,45.00,558.00,RMB,202504,,,6102019,D,
EA,天泽物流,CNCANDUSJFKFAUX51700012000143,20250404,20250404,HKG,20250403,,,,JFK,20250404,20250405,HKG-(RUH)-JFK,SV985-023,14.300,45.00,643.50,RMB,202504,,,6102019,D,
EA,天泽物流,CNCANDUSJFKFAUX51700015000182,20250404,20250404,HKG,20250403,,,,JFK,20250404,20250405,HKG-(RUH)-JFK,SV985-023,18.200,45.00,819.00,RMB,202504,,,6102019,D,
EA,天泽物流,CNCANDUSJFKFAUX51700018000173,20250404,20250404,HKG,20250403,,,,JFK,20250404,20250405,HKG-(RUH)-JFK,SV985-023,17.300,45.00,778.50,RMB,202504,,,6102019,D,
EA,天泽物流,CNCANDUSJFKFAUX51700022000145,20250404,20250404,HKG,20250403,,,,JFK,20250404,20250405,HKG-(RUH)-JFK,SV985-023,14.500,45.00,652.50,RMB,202504,,,6102019,D,
EA,天泽物流,CNCANDUSJFKFAUX51703001100143,20250404,20250404,HKG,20250403,,,,JFK,20250404,20250405,HKG-(RUH)-JFK,SV985-023,14.300,45.00,643.50,RMB,202504,,,6102019,D,
EA,天泽物流,CNCANDUSJFKFAUX51700002000097,20250404,20250404,HKG,20250403,,,,JFK,20250404,20250405,HKG-(RUH)-JFK,SV985-023,9.700,45.00,436.50,RMB,202504,,,6102019,D,
EA,天泽物流,CNCANDUSJFKFAUX51700003000124,20250404,20250404,HKG,20250403,,,,JFK,20250404,20250405,HKG-(RUH)-JFK,SV985-023,12.400,45.00,558.00,RMB,202504,,,6102019,D,
EA,天泽物流,CNCANDUSJFKFAUX51700004000144,20250404,20250404,HKG,20250403,,,,JFK,20250404,20250405,HKG-(RUH)-JFK,SV985-023,14.400,45.00,648.00,RMB,202504,,,6102019,D,
EA,天泽物流,CNCANDUSJFKFAUX51700016000181,20250404,20250404,HKG,20250403,,,,JFK,20250404,20250405,HKG-(RUH)-JFK,SV985-023,18.100,45.00,814.50,RMB,202504,,,6102019,D,
EA,天泽物流,CNCANDUSJFKFAUX51700001000159,20250404,20250404,HKG,20250403,,,,JFK,20250404,20250405,HKG-(RUH)-JFK,SV985-023,15.900,45.00,715.50,RMB,202504,,,6102019,D,
EA,天泽物流,CNCANDUSJFKFAUX51700006000046,20250404,20250404,HKG,20250403,,,,JFK,20250404,20250405,HKG-(RUH)-JFK,SV985-023,4.600,45.00,207.00,RMB,202504,,,6102019,D,
EA,天泽物流,CNCANDUSJFKFAUX51700017000174,20250404,20250404,HKG,20250403,,,,JFK,20250404,20250405,HKG-(RUH)-JFK,SV985-023,17.400,45.00,783.00,RMB,202504,,,6102019,D,
EA,天泽物流,CNCANDUSJFKFAUX51700023100177,20250404,20250404,HKG,20250403,,,,JFK,20250404,20250405,HKG-(RUH)-JFK,SV985-023,17.700,45.00,796.50,RMB,202504,,,6102019,D,
EA,天泽物流,CNCANDUSJFKFAUX51707002100120,20250404,20250404,HKG,20250403,,,,JFK,20250404,20250405,HKG-(RUH)-JFK,SV985-023,12.000,45.00,540.00,RMB,202504,,,6102019,D,
EA,天泽物流,CNCANDUSJFKFAUX51696001000135,20250404,20250404,HKG,20250403,,,,JFK,20250404,20250405,HKG-(RUH)-JFK,SV985-023,13.500,45.00,607.50,RMB,202504,,,6102019,D,
EA,天泽物流,CNCANDUSJFKFAUX51696007000165,20250404,20250404,HKG,20250403,,,,JFK,20250404,20250405,HKG-(RUH)-JFK,SV985-023,16.500,45.00,742.50,RMB,202504,,,6102019,D,
EA,天泽物流,CNCANDUSJFKFAUX51700010000200,20250404,20250404,HKG,20250403,,,,JFK,20250404,20250405,HKG-(RUH)-JFK,SV985-023,20.000,45.00,900.00,RMB,202504,,,6102019,D,
EA,天泽物流,CNCANDUSJFKFAUX51700014000091,20250404,20250404,HKG,20250403,,,,JFK,20250404,20250405,HKG-(RUH)-JFK,SV985-023,9.100,45.00,409.50,RMB,202504,,,6102019,D,
EA,天泽物流,CNCANDUSJFKFAUX51700021000139,20250404,20250404,HKG,20250403,,,,JFK,20250404,20250405,HKG-(RUH)-JFK,SV985-023,13.900,45.00,625.50,RMB,202504,,,6102019,D,
EA,天泽物流,CNCANDUSJFKFAUX51751001000112,20250405,20250405,HKG,20250405,,,,JFK,20250406,20250407,HKG-(RUH)-JFK,SV985-023,11.200,45.00,504.00,RMB,202504,,,6102019,D,
EA,天泽物流,CNCANDUSJFKFAUX51751002000098,20250405,20250405,HKG,20250405,,,,JFK,20250406,20250407,HKG-(RUH)-JFK,SV985-023,9.800,45.00,441.00,RMB,202504,,,6102019,D,
EA,天泽物流,CNCANDUSJFKFAUX51751003000173,20250405,20250405,HKG,20250405,,,,JFK,20250406,20250407,HKG-(RUH)-JFK,SV985-023,17.300,45.00,778.50,RMB,202504,,,6102019,D,
EA,天泽物流,CNCANDUSJFKFAUX51751008000145,20250405,20250405,HKG,20250405,,,,JFK,20250406,20250407,HKG-(RUH)-JFK,SV985-023,14.500,45.00,652.50,RMB,202504,,,6102019,D,
EA,天泽物流,CNCANDUSJFKFAUX51755007000198,20250405,20250405,HKG,20250405,,,,JFK,20250406,20250407,HKG-(RUH)-JFK,SV985-023,19.800,45.00,891.00,RMB,202504,,,6102019,D,
EA,天泽物流,CNCANDUSJFKFAUX51747006000057,20250405,20250405,HKG,20250405,,,,JFK,20250406,20250407,HKG-(RUH)-JFK,SV985-023,5.700,45.00,256.50,RMB,202504,,,6102019,D,
EA,天泽物流,CNCANDUSJFKFAUX51751004000086,20250405,20250405,HKG,20250405,,,,JFK,20250406,20250407,HKG-(RUH)-JFK,SV985-023,8.600,45.00,387.00,RMB,202504,,,6102019,D,
EA,天泽物流,CNCANDUSJFKFAUX51751005000167,20250405,20250405,HKG,20250405,,,,JFK,20250406,20250407,HKG-(RUH)-JFK,SV985-023,16.700,45.00,751.50,RMB,202504,,,6102019,D,
EA,天泽物流,CNCANDUSJFKFAUX51751006000101,20250405,20250405,HKG,20250405,,,,JFK,20250406,20250407,HKG-(RUH)-JFK,SV985-023,10.100,45.00,454.50,RMB,202504,,,6102019,D,
EA,天泽物流,CNCANDUSJFKFAUX51751007000173,20250405,20250405,HKG,20250405,,,,JFK,20250406,20250407,HKG-(RUH)-JFK,SV985-023,17.300,45.00,778.50,RMB,202504,,,6102019,D,
EA,天泽物流,CNCANDUSJFKFAUX51751010000220,20250405,20250405,HKG,20250405,,,,JFK,20250406,20250407,HKG-(RUH)-JFK,SV985-023,22.000,45.00,990.00,RMB,202504,,,6102019,D,
EA,天泽物流,CNCANDUSJFKFAUX51755001000188,20250405,20250405,HKG,20250405,,,,JFK,20250406,20250407,HKG-(RUH)-JFK,SV985-023,18.800,45.00,846.00,RMB,202504,,,6102019,D,
EA,天泽物流,CNCANDUSJFKFAUX51755003000199,20250405,20250405,HKG,20250405,,,,JFK,20250406,20250407,HKG-(RUH)-JFK,SV985-023,19.900,45.00,895.50,RMB,202504,,,6102019,D,
EA,天泽物流,CNCANDUSJFKFAUX51755005000197,20250405,20250405,HKG,20250405,,,,JFK,20250406,20250407,HKG-(RUH)-JFK,SV985-023,19.700,45.00,886.50,RMB,202504,,,6102019,D,
EA,天泽物流,CNCANDUSJFKFAUX51747002000164,20250405,20250405,HKG,20250405,,,,JFK,20250406,20250407,HKG-(RUH)-JFK,SV985-023,16.400,45.00,738.00,RMB,202504,,,6102019,D,
EA,天泽物流,CNCANDUSJFKFAUX51747004000125,20250405,20250405,HKG,20250405,,,,JFK,20250406,20250407,HKG-(RUH)-JFK,SV985-023,12.500,45.00,562.50,RMB,202504,,,6102019,D,
EA,天泽物流,CNCANDUSJFKFAUX51747005000193,20250405,20250405,HKG,20250405,,,,JFK,20250406,20250407,HKG-(RUH)-JFK,SV985-023,19.300,45.00,868.50,RMB,202504,,,6102019,D,
EA,天泽物流,CNCANDUSJFKFAUX51751009000130,20250405,20250405,HKG,20250405,,,,JFK,20250406,20250407,HKG-(RUH)-JFK,SV985-023,13.000,45.00,585.00,RMB,202504,,,6102019,D,
EA,天泽物流,CNCANDUSJFKFAUX51755002000210,20250405,20250405,HKG,20250405,,,,JFK,20250406,20250407,HKG-(RUH)-JFK,SV985-023,21.000,45.00,945.00,RMB,202504,,,6102019,D,
EA,天泽物流,CNCANDUSJFKFAUX51755004000142,20250405,20250405,HKG,20250405,,,,JFK,20250406,20250407,HKG-(RUH)-JFK,SV985-023,14.200,45.00,639.00,RMB,202504,,,6102019,D,
EA,天泽物流,CNCANDUSJFKFAUX51755010100164,20250405,20250405,HKG,20250405,,,,JFK,20250406,20250407,HKG-(RUH)-JFK,SV985-023,16.400,45.00,738.00,RMB,202504,,,6102019,D,
EA,天泽物流,CNCANDUSJFKFAUX51758002100111,20250405,20250405,HKG,20250405,,,,JFK,20250406,20250407,HKG-(RUH)-JFK,SV985-023,11.100,45.00,499.50,RMB,202504,,,6102019,D,
EA,天泽物流,CNCANDUSJFKFAUX51747001000037,20250405,20250405,HKG,20250405,,,,JFK,20250406,20250407,HKG-(RUH)-JFK,SV985-023,3.700,45.00,166.50,RMB,202504,,,6102019,D,
EA,天泽物流,CNCANDUSJFKFAUX51747003000244,20250405,20250405,HKG,20250405,,,,JFK,20250406,20250407,HKG-(RUH)-JFK,SV985-023,24.400,45.00,1098.00,RMB,202504,,,6102019,D,
EA,天泽物流,CNCANDUSJFKFAUX51747007100147,20250405,20250405,HKG,20250405,,,,JFK,20250406,20250407,HKG-(RUH)-JFK,SV985-023,14.700,45.00,661.50,RMB,202504,,,6102019,D,
EA,天泽物流,CNCANDUSJFKFAUX51755006000202,20250405,20250405,HKG,20250405,,,,JFK,20250406,20250407,HKG-(RUH)-JFK,SV985-023,20.200,45.00,909.00,RMB,202504,,,6102019,D,
EA,天泽物流,CNCANDUSJFKFAUX51755009000150,20250405,20250405,HKG,20250405,,,,JFK,20250406,20250407,HKG-(RUH)-JFK,SV985-023,15.000,45.00,675.00,RMB,202504,,,6102019,D,
EA,天泽物流,CNCANDUSJFKFAUX51809005000158,20250415,20250415,HKG,20250412,,,,JFK,20250413,20250414,HKG-(RUH)-JFK,SV985-023,15.800,45.00,711.00,RMB,202504,,,6102019,D,
EA,天泽物流,CNCANDUSJFKFAUX51811004000108,20250415,20250415,HKG,20250412,,,,JFK,20250413,20250414,HKG-(RUH)-JFK,SV985-023,10.800,45.00,486.00,RMB,202504,,,6102019,D,
EA,天泽物流,CNCANDUSJFKFAUX51811005000175,20250415,20250415,HKG,20250412,,,,JFK,20250413,20250414,HKG-(RUH)-JFK,SV985-023,17.500,45.00,787.50,RMB,202504,,,6102019,D,
EA,天泽物流,CNCANDUSJFKFAUX51814002000094,20250415,20250415,HKG,20250412,,,,JFK,20250413,20250414,HKG-(RUH)-JFK,SV985-023,9.400,45.00,423.00,RMB,202504,,,6102019,D,
EA,天泽物流,CNCANDUSJFKFAUX51825001100153,20250415,20250415,HKG,20250412,,,,JFK,20250413,20250414,HKG-(RUH)-JFK,SV985-023,15.300,45.00,688.50,RMB,202504,,,6102019,D,
EA,天泽物流,CNCANDUSJFKFAUX51830004000137,20250415,20250415,HKG,20250412,,,,JFK,20250413,20250414,HKG-(RUH)-JFK,SV985-023,13.700,45.00,616.50,RMB,202504,,,6102019,D,
EA,天泽物流,CNCANDUSJFKFAUX51843013000095,20250415,20250415,HKG,20250412,,,,JFK,20250413,20250414,HKG-(RUH)-JFK,SV985-023,9.500,45.00,427.50,RMB,202504,,,6102019,D,
EA,天泽物流,CNCANDUSJFKFAUX51843024000114,20250415,20250415,HKG,20250412,,,,JFK,20250413,20250414,HKG-(RUH)-JFK,SV985-023,11.400,45.00,513.00,RMB,202504,,,6102019,D,
EA,天泽物流,CNCANDUSJFKFAUX51843017000103,20250415,20250415,HKG,20250412,,,,JFK,20250413,20250414,HKG-(RUH)-JFK,SV985-023,10.300,45.00,463.50,RMB,202504,,,6102019,D,
EA,天泽物流,CNCANDUSJFKFAUX51819003000234,20250415,20250415,HKG,20250412,,,,JFK,20250413,20250414,HKG-(RUH)-JFK,SV985-023,23.400,45.00,1053.00,RMB,202504,,,6102019,D,
EA,天泽物流,CNCANDUSJFKFAUX51819007000161,20250415,20250415,HKG,20250412,,,,JFK,20250413,20250414,HKG-(RUH)-JFK,SV985-023,16.100,45.00,724.50,RMB,202504,,,6102019,D,
EA,天泽物流,CNCANDUSJFKFAUX51819009100136,20250415,20250415,HKG,20250412,,,,JFK,20250413,20250414,HKG-(RUH)-JFK,SV985-023,13.600,45.00,612.00,RMB,202504,,,6102019,D,
EA,天泽物流,CNCANDUSJFKFAUX51822006000118,20250415,20250415,HKG,20250412,,,,JFK,20250413,20250414,HKG-(RUH)-JFK,SV985-023,11.800,45.00,531.00,RMB,202504,,,6102019,D,
EA,天泽物流,CNCANDUSJFKFAUX51822007000126,20250415,20250415,HKG,20250412,,,,JFK,20250413,20250414,HKG-(RUH)-JFK,SV985-023,12.600,45.00,567.00,RMB,202504,,,6102019,D,
EA,天泽物流,CNCANDUSJFKFAUX51822009000227,20250415,20250415,HKG,20250412,,,,JFK,20250413,20250414,HKG-(RUH)-JFK,SV985-023,22.700,45.00,1021.50,RMB,202504,,,6102019,D,
EA,天泽物流,CNCANDUSJFKFAUX51830002000110,20250415,20250415,HKG,20250412,,,,JFK,20250413,20250414,HKG-(RUH)-JFK,SV985-023,11.000,45.00,495.00,RMB,202504,,,6102019,D,
EA,天泽物流,CNCANDUSJFKFAUX51819008000183,20250415,20250415,HKG,20250412,,,,JFK,20250413,20250414,HKG-(RUH)-JFK,SV985-023,18.300,45.00,823.50,RMB,202504,,,6102019,D,
EA,天泽物流,CNCANDUSJFKFAUX51822001000186,20250415,20250415,HKG,20250412,,,,JFK,20250413,20250414,HKG-(RUH)-JFK,SV985-023,18.600,45.00,837.00,RMB,202504,,,6102019,D,
EA,天泽物流,CNCANDUSJFKFAUX51822002000160,20250415,20250415,HKG,20250412,,,,JFK,20250413,20250414,HKG-(RUH)-JFK,SV985-023,16.000,45.00,720.00,RMB,202504,,,6102019,D,
EA,天泽物流,CNCANDUSJFKFAUX51822003000158,20250415,20250415,HKG,20250412,,,,JFK,20250413,20250414,HKG-(RUH)-JFK,SV985-023,15.800,45.00,711.00,RMB,202504,,,6102019,D,
EA,天泽物流,CNCANDUSJFKFAUX51830001000168,20250415,20250415,HKG,20250412,,,,JFK,20250413,20250414,HKG-(RUH)-JFK,SV985-023,16.800,45.00,756.00,RMB,202504,,,6102019,D,
EA,天泽物流,CNCANDUSJFKFAUX51819001000151,20250415,20250415,HKG,20250412,,,,JFK,20250413,20250414,HKG-(RUH)-JFK,SV985-023,15.100,45.00,679.50,RMB,202504,,,6102019,D,
EA,天泽物流,CNCANDUSJFKFAUX51819002000189,20250415,20250415,HKG,20250412,,,,JFK,20250413,20250414,HKG-(RUH)-JFK,SV985-023,18.900,45.00,850.50,RMB,202504,,,6102019,D,
EA,天泽物流,CNCANDUSJFKFAUX51819004000181,20250415,20250415,HKG,20250412,,,,JFK,20250413,20250414,HKG-(RUH)-JFK,SV985-023,18.100,45.00,814.50,RMB,202504,,,6102019,D,
EA,天泽物流,CNCANDUSJFKFAUX51819006000241,20250415,20250415,HKG,20250412,,,,JFK,20250413,20250414,HKG-(RUH)-JFK,SV985-023,24.100,45.00,1084.50,RMB,202504,,,6102019,D,
EA,天泽物流,CNCANDUSJFKFAUX51822004000135,20250415,20250415,HKG,20250412,,,,JFK,20250413,20250414,HKG-(RUH)-JFK,SV985-023,13.500,45.00,607.50,RMB,202504,,,6102019,D,
EA,天泽物流,CNCANDUSJFKFAUX51822005000150,20250415,20250415,HKG,20250412,,,,JFK,20250413,20250414,HKG-(RUH)-JFK,SV985-023,15.000,45.00,675.00,RMB,202504,,,6102019,D,
EA,天泽物流,CNCANDUSJFKFAUX51822008000297,20250415,20250415,HKG,20250412,,,,JFK,20250413,20250414,HKG-(RUH)-JFK,SV985-023,29.700,45.00,1336.50,RMB,202504,,,6102019,D,
EA,天泽物流,CNCANDUSJFKFAUX51827001100215,20250415,20250415,HKG,20250412,,,,JFK,20250413,20250414,HKG-(RUH)-JFK,SV985-023,21.500,45.00,967.50,RMB,202504,,,6102019,D,
EA,天泽物流,CNCANDUSJFKFAUX51831002100179,20250415,20250415,HKG,20250412,,,,JFK,20250413,20250414,HKG-(RUH)-JFK,SV985-023,17.900,45.00,805.50,RMB,202504,,,6102019,D,
EA,天泽物流,CNCANDUSJFKFAUX51819005000147,20250415,20250415,HKG,20250412,,,,JFK,20250413,20250414,HKG-(RUH)-JFK,SV985-023,14.700,45.00,661.50,RMB,202504,,,6102019,D,
EA,天泽物流,CNCANDUSJFKFAUX51822010100284,20250415,20250415,HKG,20250412,,,,JFK,20250413,20250414,HKG-(RUH)-JFK,SV985-023,28.400,45.00,1278.00,RMB,202504,,,6102019,D,
EA,天泽物流,CNCANDUSJFKFAUX51826001100288,20250415,20250415,HKG,20250412,,,,JFK,20250413,20250414,HKG-(RUH)-JFK,SV985-023,28.800,45.00,1296.00,RMB,202504,,,6102019,D,
EA,天泽物流,CNCANDUSJFKFAUX51843015000145,20250415,20250415,HKG,20250412,,,,JFK,20250413,20250414,HKG-(RUH)-JFK,SV985-023,14.500,45.00,652.50,RMB,202504,,,6102019,D,
EA,天泽物流,CNCANDUSJFKFAUX51784020000192,20250415,20250415,HKG,20250409,,,,JFK,20250410,20250411,HKG-(RUH)-JFK,SV985-023,19.200,45.00,864.00,RMB,202504,,,6102019,D,
EA,天泽物流,CNCANDUSJFKFAUX51770006000175,20250415,20250415,HKG,20250409,,,,JFK,20250410,20250411,HKG-(RUH)-JFK,SV985-023,17.500,45.00,787.50,RMB,202504,,,6102019,D,
EA,天泽物流,CNCANDUSJFKFAUX51771007000138,20250415,20250415,HKG,20250409,,,,JFK,20250410,20250411,HKG-(RUH)-JFK,SV985-023,13.800,45.00,621.00,RMB,202504,,,6102019,D,
EA,天泽物流,CNCANDUSJFKFAUX51771009000089,20250415,20250415,HKG,20250409,,,,JFK,20250410,20250411,HKG-(RUH)-JFK,SV985-023,8.900,45.00,400.50,RMB,202504,,,6102019,D,
EA,天泽物流,CNCANDUSJFKFAUX51771011000160,20250415,20250415,HKG,20250409,,,,JFK,20250410,20250411,HKG-(RUH)-JFK,SV985-023,16.000,45.00,720.00,RMB,202504,,,6102019,D,
EA,天泽物流,CNCANDUSJFKFAUX51771015000240,20250415,20250415,HKG,20250409,,,,JFK,20250410,20250411,HKG-(RUH)-JFK,SV985-023,24.000,45.00,1080.00,RMB,202504,,,6102019,D,
EA,天泽物流,CNCANDUSJFKFAUX51772001000169,20250415,20250415,HKG,20250409,,,,JFK,20250410,20250411,HKG-(RUH)-JFK,SV985-023,16.900,45.00,760.50,RMB,202504,,,6102019,D,
EA,天泽物流,CNCANDUSJFKFAUX51772002100240,20250415,20250415,HKG,20250409,,,,JFK,20250410,20250411,HKG-(RUH)-JFK,SV985-023,24.000,45.00,1080.00,RMB,202504,,,6102019,D,
EA,天泽物流,CNCANDUSJFKFAUX51770005000161,20250415,20250415,HKG,20250409,,,,JFK,20250410,20250411,HKG-(RUH)-JFK,SV985-023,16.100,45.00,724.50,RMB,202504,,,6102019,D,
EA,天泽物流,CNCANDUSJFKFAUX51771006000147,20250415,20250415,HKG,20250409,,,,JFK,20250410,20250411,HKG-(RUH)-JFK,SV985-023,14.700,45.00,661.50,RMB,202504,,,6102019,D,
EA,天泽物流,CNCANDUSJFKFAUX51771004000070,20250415,20250415,HKG,20250409,,,,JFK,20250410,20250411,HKG-(RUH)-JFK,SV985-023,7.000,45.00,315.00,RMB,202504,,,6102019,D,
EA,天泽物流,CNCANDUSJFKFAUX51771005000135,20250415,20250415,HKG,20250409,,,,JFK,20250410,20250411,HKG-(RUH)-JFK,SV985-023,13.500,45.00,607.50,RMB,202504,,,6102019,D,
EA,天泽物流,CNCANDUSJFKFAUX51771008000151,20250415,20250415,HKG,20250409,,,,JFK,20250410,20250411,HKG-(RUH)-JFK,SV985-023,15.100,45.00,679.50,RMB,202504,,,6102019,D,
EA,天泽物流,CNCANDUSJFKFAUX51771010000143,20250415,20250415,HKG,20250409,,,,JFK,20250410,20250411,HKG-(RUH)-JFK,SV985-023,14.300,45.00,643.50,RMB,202504,,,6102019,D,
EA,天泽物流,CNCANDUSJFKFAUX51771012000118,20250415,20250415,HKG,20250409,,,,JFK,20250410,20250411,HKG-(RUH)-JFK,SV985-023,11.800,45.00,531.00,RMB,202504,,,6102019,D,
EA,天泽物流,CNCANDUSJFKFAUX51771013000151,20250415,20250415,HKG,20250409,,,,JFK,20250410,20250411,HKG-(RUH)-JFK,SV985-023,15.100,45.00,679.50,RMB,202504,,,6102019,D,
EA,天泽物流,CNCANDUSJFKFAUX51770008000147,20250415,20250415,HKG,20250409,,,,JFK,20250410,20250411,HKG-(RUH)-JFK,SV985-023,14.700,45.00,661.50,RMB,202504,,,6102019,D,
EA,天泽物流,CNCANDUSJFKFAUX51770010100138,20250415,20250415,HKG,20250409,,,,JFK,20250410,20250411,HKG-(RUH)-JFK,SV985-023,13.800,45.00,621.00,RMB,202504,,,6102019,D,
EA,天泽物流,CNCANDUSJFKFAUX51771003000093,20250415,20250415,HKG,20250409,,,,JFK,20250410,20250411,HKG-(RUH)-JFK,SV985-023,9.300,45.00,418.50,RMB,202504,,,6102019,D,
EA,天泽物流,CNCANDUSJFKFAUX51771016100108,20250415,20250415,HKG,20250409,,,,JFK,20250410,20250411,HKG-(RUH)-JFK,SV985-023,10.800,45.00,486.00,RMB,202504,,,6102019,D,
EA,天泽物流,CNCANDUSJFKFAUX51784001000131,20250415,20250415,HKG,20250409,,,,JFK,20250410,20250411,HKG-(RUH)-JFK,SV985-023,13.100,45.00,589.50,RMB,202504,,,6102019,D,
EA,天泽物流,CNCANDUSJFKFAUX51784004000163,20250415,20250415,HKG,20250409,,,,JFK,20250410,20250411,HKG-(RUH)-JFK,SV985-023,16.300,45.00,733.50,RMB,202504,,,6102019,D,
EA,天泽物流,CNCANDUSJFKFAUX51784008000117,20250415,20250415,HKG,20250409,,,,JFK,20250410,20250411,HKG-(RUH)-JFK,SV985-023,11.700,45.00,526.50,RMB,202504,,,6102019,D,
EA,天泽物流,CNCANDUSJFKFAUX51806009000217,20250415,20250415,HKG,20250409,,,,JFK,20250410,20250411,HKG-(RUH)-JFK,SV985-023,21.700,45.00,976.50,RMB,202504,,,6102019,D,
EA,天泽物流,CNCANDUSJFKFAUX51770004000163,20250415,20250415,HKG,20250409,,,,JFK,20250410,20250411,HKG-(RUH)-JFK,SV985-023,16.300,45.00,733.50,RMB,202504,,,6102019,D,
EA,天泽物流,CNCANDUSJFKFAUX51770007000086,20250415,20250415,HKG,20250409,,,,JFK,20250410,20250411,HKG-(RUH)-JFK,SV985-023,8.600,45.00,387.00,RMB,202504,,,6102019,D,
EA,天泽物流,CNCANDUSJFKFAUX51784002000081,20250415,20250415,HKG,20250409,,,,JFK,20250410,20250411,HKG-(RUH)-JFK,SV985-023,8.100,45.00,364.50,RMB,202504,,,6102019,D,
EA,天泽物流,CNCANDUSJFKFAUX51784011000176,20250415,20250415,HKG,20250409,,,,JFK,20250410,20250411,HKG-(RUH)-JFK,SV985-023,17.600,45.00,792.00,RMB,202504,,,6102019,D,
EA,天泽物流,CNCANDUSJFKFAUX51784013000175,20250415,20250415,HKG,20250409,,,,JFK,20250410,20250411,HKG-(RUH)-JFK,SV985-023,17.500,45.00,787.50,RMB,202504,,,6102019,D,
EA,天泽物流,CNCANDUSJFKFAUX51784022100095,20250415,20250415,HKG,20250409,,,,JFK,20250410,20250411,HKG-(RUH)-JFK,SV985-023,9.500,45.00,427.50,RMB,202504,,,6102019,D,
EA,天泽物流,CNCANDUSJFKFAUX51770002000114,20250415,20250415,HKG,20250409,,,,JFK,20250410,20250411,HKG-(RUH)-JFK,SV985-023,11.400,45.00,513.00,RMB,202504,,,6102019,D,
EA,天泽物流,CNCANDUSJFKFAUX51770009000053,20250415,20250415,HKG,20250409,,,,JFK,20250410,20250411,HKG-(RUH)-JFK,SV985-023,5.300,45.00,238.50,RMB,202504,,,6102019,D,
EA,天泽物流,CNCANDUSJFKFAUX51771014000087,20250415,20250415,HKG,20250409,,,,JFK,20250410,20250411,HKG-(RUH)-JFK,SV985-023,8.700,45.00,391.50,RMB,202504,,,6102019,D,
EA,天泽物流,CNCANDUSJFKFAUX51784015000206,20250415,20250415,HKG,20250409,,,,JFK,20250410,20250411,HKG-(RUH)-JFK,SV985-023,20.600,45.00,927.00,RMB,202504,,,6102019,D,
EA,天泽物流,CNCANDUSJFKFAUX51784019000196,20250415,20250415,HKG,20250409,,,,JFK,20250410,20250411,HKG-(RUH)-JFK,SV985-023,19.600,45.00,882.00,RMB,202504,,,6102019,D,
EA,天泽物流,CNCANDUSJFKFAUX51758001000134,20250415,20250415,HKG,20250409,,,,JFK,20250410,20250411,HKG-(RUH)-JFK,SV985-023,13.400,45.00,603.00,RMB,202504,,,6102019,D,
EA,天泽物流,CNCANDUSJFKFAUX51784010000202,20250415,20250415,HKG,20250409,,,,JFK,20250410,20250411,HKG-(RUH)-JFK,SV985-023,20.200,45.00,909.00,RMB,202504,,,6102019,D,
EA,天泽物流,CNCANDUSJFKFAUX51784014000158,20250415,20250415,HKG,20250409,,,,JFK,20250410,20250411,HKG-(RUH)-JFK,SV985-023,15.800,45.00,711.00,RMB,202504,,,6102019,D,
EA,天泽物流,CNCANDUSJFKFAUX51784016000214,20250415,20250415,HKG,20250409,,,,JFK,20250410,20250411,HKG-(RUH)-JFK,SV985-023,21.400,45.00,963.00,RMB,202504,,,6102019,D,
EA,天泽物流,CNCANDUSJFKFAUX51784017000146,20250415,20250415,HKG,20250409,,,,JFK,20250410,20250411,HKG-(RUH)-JFK,SV985-023,14.600,45.00,657.00,RMB,202504,,,6102019,D,
EA,天泽物流,CNCANDUSJFKFAUX51784018000204,20250415,20250415,HKG,20250409,,,,JFK,20250410,20250411,HKG-(RUH)-JFK,SV985-023,20.400,45.00,918.00,RMB,202504,,,6102019,D,
EA,天泽物流,CNCANDUSJFKFAUX51784021000148,20250415,20250415,HKG,20250409,,,,JFK,20250410,20250411,HKG-(RUH)-JFK,SV985-023,14.800,45.00,666.00,RMB,202504,,,6102019,D,
EA,天泽物流,CNCANDUSJFKFAUX51770003000153,20250415,20250415,HKG,20250409,,,,JFK,20250410,20250411,HKG-(RUH)-JFK,SV985-023,15.300,45.00,688.50,RMB,202504,,,6102019,D,
EA,天泽物流,CNCANDUSJFKFAUX51771001000121,20250415,20250415,HKG,20250409,,,,JFK,20250410,20250411,HKG-(RUH)-JFK,SV985-023,12.100,45.00,544.50,RMB,202504,,,6102019,D,
EA,天泽物流,CNCANDUSJFKFAUX51771002000154,20250415,20250415,HKG,20250409,,,,JFK,20250410,20250411,HKG-(RUH)-JFK,SV985-023,15.400,45.00,693.00,RMB,202504,,,6102019,D,
EA,天泽物流,CNCANDUSJFKFAUX51784003000169,20250415,20250415,HKG,20250409,,,,JFK,20250410,20250411,HKG-(RUH)-JFK,SV985-023,16.900,45.00,760.50,RMB,202504,,,6102019,D,
EA,天泽物流,CNCANDUSJFKFAUX51784005000174,20250415,20250415,HKG,20250409,,,,JFK,20250410,20250411,HKG-(RUH)-JFK,SV985-023,17.400,45.00,783.00,RMB,202504,,,6102019,D,
EA,天泽物流,CNCANDUSJFKFAUX51784012000170,20250415,20250415,HKG,20250409,,,,JFK,20250410,20250411,HKG-(RUH)-JFK,SV985-023,17.000,45.00,765.00,RMB,202504,,,6102019,D,
EA,天泽物流,CNCANDUSJFKFAUX51784007000208,20250415,20250415,HKG,20250412,,,,JFK,20250413,20250414,HKG-(RUH)-JFK,SV985-023,20.800,45.00,936.00,RMB,202504,,,6102019,D,
EA,天泽物流,CNCANDUSJFKFAUX51801001000061,20250415,20250415,HKG,20250412,,,,JFK,20250413,20250414,HKG-(RUH)-JFK,SV985-023,6.100,45.00,274.50,RMB,202504,,,6102019,D,
EA,天泽物流,CNCANDUSJFKFAUX51801002000202,20250415,20250415,HKG,20250412,,,,JFK,20250413,20250414,HKG-(RUH)-JFK,SV985-023,20.200,45.00,909.00,RMB,202504,,,6102019,D,
EA,天泽物流,CNCANDUSJFKFAUX51805001100075,20250415,20250415,HKG,20250412,,,,JFK,20250413,20250414,HKG-(RUH)-JFK,SV985-023,7.500,45.00,337.50,RMB,202504,,,6102019,D,
EA,天泽物流,CNCANDUSJFKFAUX51806006000178,20250415,20250415,HKG,20250412,,,,JFK,20250413,20250414,HKG-(RUH)-JFK,SV985-023,17.800,45.00,801.00,RMB,202504,,,6102019,D,
EA,天泽物流,CNCANDUSJFKFAUX51809001000081,20250415,20250415,HKG,20250412,,,,JFK,20250413,20250414,HKG-(RUH)-JFK,SV985-023,8.100,45.00,364.50,RMB,202504,,,6102019,D,
EA,天泽物流,CNCANDUSJFKFAUX51809006000170,20250415,20250415,HKG,20250412,,,,JFK,20250413,20250414,HKG-(RUH)-JFK,SV985-023,17.000,45.00,765.00,RMB,202504,,,6102019,D,
EA,天泽物流,CNCANDUSJFKFAUX51809008000186,20250415,20250415,HKG,20250412,,,,JFK,20250413,20250414,HKG-(RUH)-JFK,SV985-023,18.600,45.00,837.00,RMB,202504,,,6102019,D,
EA,天泽物流,CNCANDUSJFKFAUX51811006000137,20250415,20250415,HKG,20250412,,,,JFK,20250413,20250414,HKG-(RUH)-JFK,SV985-023,13.700,45.00,616.50,RMB,202504,,,6102019,D,
EA,天泽物流,CNCANDUSJFKFAUX51811008000109,20250415,20250415,HKG,20250412,,,,JFK,20250413,20250414,HKG-(RUH)-JFK,SV985-023,10.900,45.00,490.50,RMB,202504,,,6102019,D,
EA,天泽物流,CNCANDUSJFKFAUX51815001100034,20250415,20250415,HKG,20250412,,,,JFK,20250413,20250414,HKG-(RUH)-JFK,SV985-023,3.400,45.00,153.00,RMB,202504,,,6102019,D,
EA,天泽物流,CNCANDUSJFKFAUX51824001100246,20250415,20250415,HKG,20250412,,,,JFK,20250413,20250414,HKG-(RUH)-JFK,SV985-023,24.600,45.00,1107.00,RMB,202504,,,6102019,D,
EA,天泽物流,CNCANDUSJFKFAUX51830003000094,20250415,20250415,HKG,20250412,,,,JFK,20250413,20250414,HKG-(RUH)-JFK,SV985-023,9.400,45.00,423.00,RMB,202504,,,6102019,D,
EA,天泽物流,CNCANDUSJFKFAUX51843011000123,20250415,20250415,HKG,20250412,,,,JFK,20250413,20250414,HKG-(RUH)-JFK,SV985-023,12.300,45.00,553.50,RMB,202504,,,6102019,D,
EA,天泽物流,CNCANDUSJFKFAUX51843014000083,20250415,20250415,HKG,20250412,,,,JFK,20250413,20250414,HKG-(RUH)-JFK,SV985-023,8.300,45.00,373.50,RMB,202504,,,6102019,D,
EA,天泽物流,CNCANDUSJFKFAUX51843020000102,20250415,20250415,HKG,20250412,,,,JFK,20250413,20250414,HKG-(RUH)-JFK,SV985-023,10.200,45.00,459.00,RMB,202504,,,6102019,D,
EA,天泽物流,CNCANDUSJFKFAUX51784006000225,20250415,20250415,HKG,20250412,,,,JFK,20250413,20250414,HKG-(RUH)-JFK,SV985-023,22.500,45.00,1012.50,RMB,202504,,,6102019,D,
EA,天泽物流,CNCANDUSJFKFAUX51784009000157,20250415,20250415,HKG,20250412,,,,JFK,20250413,20250414,HKG-(RUH)-JFK,SV985-023,15.700,45.00,706.50,RMB,202504,,,6102019,D,
EA,天泽物流,CNCANDUSJFKFAUX51801003100064,20250415,20250415,HKG,20250412,,,,JFK,20250413,20250414,HKG-(RUH)-JFK,SV985-023,6.400,45.00,288.00,RMB,202504,,,6102019,D,
EA,天泽物流,CNCANDUSJFKFAUX51806001000145,20250415,20250415,HKG,20250412,,,,JFK,20250413,20250414,HKG-(RUH)-JFK,SV985-023,14.500,45.00,652.50,RMB,202504,,,6102019,D,
EA,天泽物流,CNCANDUSJFKFAUX51806003000175,20250415,20250415,HKG,20250412,,,,JFK,20250413,20250414,HKG-(RUH)-JFK,SV985-023,17.500,45.00,787.50,RMB,202504,,,6102019,D,
EA,天泽物流,CNCANDUSJFKFAUX51806005000118,20250415,20250415,HKG,20250412,,,,JFK,20250413,20250414,HKG-(RUH)-JFK,SV985-023,11.800,45.00,531.00,RMB,202504,,,6102019,D,
EA,天泽物流,CNCANDUSJFKFAUX51811001000100,20250415,20250415,HKG,20250412,,,,JFK,20250413,20250414,HKG-(RUH)-JFK,SV985-023,10.000,45.00,450.00,RMB,202504,,,6102019,D,
EA,天泽物流,CNCANDUSJFKFAUX51811007000176,20250415,20250415,HKG,20250412,,,,JFK,20250413,20250414,HKG-(RUH)-JFK,SV985-023,17.600,45.00,792.00,RMB,202504,,,6102019,D,
EA,天泽物流,CNCANDUSJFKFAUX51816001100020,20250415,20250415,HKG,20250412,,,,JFK,20250413,20250414,HKG-(RUH)-JFK,SV985-023,2.000,45.00,90.00,RMB,202504,,,6102019,D,
EA,天泽物流,CNCANDUSJFKFAUX51830005100097,20250415,20250415,HKG,20250412,,,,JFK,20250413,20250414,HKG-(RUH)-JFK,SV985-023,9.700,45.00,436.50,RMB,202504,,,6102019,D,
EA,天泽物流,CNCANDUSJFKFAUX51843018000103,20250415,20250415,HKG,20250412,,,,JFK,20250413,20250414,HKG-(RUH)-JFK,SV985-023,10.300,45.00,463.50,RMB,202504,,,6102019,D,
EA,天泽物流,CNCANDUSJFKFAUX51843023000114,20250415,20250415,HKG,20250412,,,,JFK,20250413,20250414,HKG-(RUH)-JFK,SV985-023,11.400,45.00,513.00,RMB,202504,,,6102019,D,
EA,天泽物流,CNCANDUSJFKFAUX51804001100146,20250415,20250415,HKG,20250412,,,,JFK,20250413,20250414,HKG-(RUH)-JFK,SV985-023,14.600,45.00,657.00,RMB,202504,,,6102019,D,
EA,天泽物流,CNCANDUSJFKFAUX51806002000200,20250415,20250415,HKG,20250412,,,,JFK,20250413,20250414,HKG-(RUH)-JFK,SV985-023,20.000,45.00,900.00,RMB,202504,,,6102019,D,
EA,天泽物流,CNCANDUSJFKFAUX51806004000060,20250415,20250415,HKG,20250412,,,,JFK,20250413,20250414,HKG-(RUH)-JFK,SV985-023,6.000,45.00,270.00,RMB,202504,,,6102019,D,
EA,天泽物流,CNCANDUSJFKFAUX51806007000216,20250415,20250415,HKG,20250412,,,,JFK,20250413,20250414,HKG-(RUH)-JFK,SV985-023,21.600,45.00,972.00,RMB,202504,,,6102019,D,
EA,天泽物流,CNCANDUSJFKFAUX51806012100085,20250415,20250415,HKG,20250412,,,,JFK,20250413,20250414,HKG-(RUH)-JFK,SV985-023,8.500,45.00,382.50,RMB,202504,,,6102019,D,
EA,天泽物流,CNCANDUSJFKFAUX51809003000091,20250415,20250415,HKG,20250412,,,,JFK,20250413,20250414,HKG-(RUH)-JFK,SV985-023,9.100,45.00,409.50,RMB,202504,,,6102019,D,
EA,天泽物流,CNCANDUSJFKFAUX51809004000107,20250415,20250415,HKG,20250412,,,,JFK,20250413,20250414,HKG-(RUH)-JFK,SV985-023,10.700,45.00,481.50,RMB,202504,,,6102019,D,
EA,天泽物流,CNCANDUSJFKFAUX51809007000148,20250415,20250415,HKG,20250412,,,,JFK,20250413,20250414,HKG-(RUH)-JFK,SV985-023,14.800,45.00,666.00,RMB,202504,,,6102019,D,
EA,天泽物流,CNCANDUSJFKFAUX51809009100243,20250415,20250415,HKG,20250412,,,,JFK,20250413,20250414,HKG-(RUH)-JFK,SV985-023,24.300,45.00,1093.50,RMB,202504,,,6102019,D,
EA,天泽物流,CNCANDUSJFKFAUX51811002000132,20250415,20250415,HKG,20250412,,,,JFK,20250413,20250414,HKG-(RUH)-JFK,SV985-023,13.200,45.00,594.00,RMB,202504,,,6102019,D,
EA,天泽物流,CNCANDUSJFKFAUX51811003000159,20250415,20250415,HKG,20250412,,,,JFK,20250413,20250414,HKG-(RUH)-JFK,SV985-023,15.900,45.00,715.50,RMB,202504,,,6102019,D,
EA,天泽物流,CNCANDUSJFKFAUX51811009000122,20250415,20250415,HKG,20250412,,,,JFK,20250413,20250414,HKG-(RUH)-JFK,SV985-023,12.200,45.00,549.00,RMB,202504,,,6102019,D,
EA,天泽物流,CNCANDUSJFKFAUX51811010000132,20250415,20250415,HKG,20250412,,,,JFK,20250413,20250414,HKG-(RUH)-JFK,SV985-023,13.200,45.00,594.00,RMB,202504,,,6102019,D,
EA,天泽物流,CNCANDUSJFKFAUX51811011100138,20250415,20250415,HKG,20250412,,,,JFK,20250413,20250414,HKG-(RUH)-JFK,SV985-023,13.800,45.00,621.00,RMB,202504,,,6102019,D,
EA,天泽物流,CNCANDUSJFKFAUX51831001000193,20250415,20250415,HKG,20250412,,,,JFK,20250413,20250414,HKG-(RUH)-JFK,SV985-023,19.300,45.00,868.50,RMB,202504,,,6102019,D,
EA,天泽物流,CNCANDUSJFKFAUX51806008000095,20250415,20250415,HKG,20250412,,,,JFK,20250413,20250414,HKG-(RUH)-JFK,SV985-023,9.500,45.00,427.50,RMB,202504,,,6102019,D,
EA,天泽物流,CNCANDUSJFKFAUX51806010000226,20250415,20250415,HKG,20250412,,,,JFK,20250413,20250414,HKG-(RUH)-JFK,SV985-023,22.600,45.00,1017.00,RMB,202504,,,6102019,D,
EA,天泽物流,CNCANDUSJFKFAUX51806011000121,20250415,20250415,HKG,20250412,,,,JFK,20250413,20250414,HKG-(RUH)-JFK,SV985-023,12.100,45.00,544.50,RMB,202504,,,6102019,D,
EA,天泽物流,CNCANDUSJFKFAUX51809002000095,20250415,20250415,HKG,20250412,,,,JFK,20250413,20250414,HKG-(RUH)-JFK,SV985-023,9.500,45.00,427.50,RMB,202504,,,6102019,D,
EA,天泽物流,CNCANDUSJFKFAUX51953001100082,20250417,20250417,HKG,20250416,,,,JFK,20250417,20250418,HKG-(RUH)-JFK,SV985-023,8.200,45.00,369.00,RMB,202504,,,6102019,D,
EA,天泽物流,CNCANDUSJFKFAUX51962008000142,20250417,20250417,HKG,20250416,,,,JFK,20250417,20250418,HKG-(RUH)-JFK,SV985-023,14.200,45.00,639.00,RMB,202504,,,6102019,D,
EA,天泽物流,CNCANDUSJFKFAUX51962010000146,20250417,20250417,HKG,20250416,,,,JFK,20250417,20250418,HKG-(RUH)-JFK,SV985-023,14.600,45.00,657.00,RMB,202504,,,6102019,D,
EA,天泽物流,CNCANDUSJFKFAUX51962011000073,20250417,20250417,HKG,20250416,,,,JFK,20250417,20250418,HKG-(RUH)-JFK,SV985-023,7.300,45.00,328.50,RMB,202504,,,6102019,D,
EA,天泽物流,CNCANDUSJFKFAUX51964001100003,20250417,20250417,HKG,20250416,,,,JFK,20250417,20250418,HKG-(RUH)-JFK,SV985-023,0.300,45.00,13.50,RMB,202504,,,6102019,D,
EA,天泽物流,CNCANDUSJFKFAUX51966001100033,20250417,20250417,HKG,20250416,,,,JFK,20250417,20250418,HKG-(RUH)-JFK,SV985-023,3.300,45.00,148.50,RMB,202504,,,6102019,D,
EA,天泽物流,CNCANDUSJFKFAUX51962001000135,20250417,20250417,HKG,20250416,,,,JFK,20250417,20250418,HKG-(RUH)-JFK,SV985-023,13.500,45.00,607.50,RMB,202504,,,6102019,D,
EA,天泽物流,CNCANDUSJFKFAUX51962006000192,20250417,20250417,HKG,20250416,,,,JFK,20250417,20250418,HKG-(RUH)-JFK,SV985-023,19.200,45.00,864.00,RMB,202504,,,6102019,D,
EA,天泽物流,CNCANDUSJFKFAUX51901006000165,20250417,20250417,HKG,20250416,,,,JFK,20250417,20250418,HKG-(RUH)-JFK,SV985-023,16.500,45.00,742.50,RMB,202504,,,6102019,D,
EA,天泽物流,CNCANDUSJFKFAUX51901023100207,20250417,20250417,HKG,20250416,,,,JFK,20250417,20250418,HKG-(RUH)-JFK,SV985-023,20.700,45.00,931.50,RMB,202504,,,6102019,D,
EA,天泽物流,CNCANDUSJFKFAUX51961006100117,20250417,20250417,HKG,20250416,,,,JFK,20250417,20250418,HKG-(RUH)-JFK,SV985-023,11.700,45.00,526.50,RMB,202504,,,6102019,D,
EA,天泽物流,CNCANDUSJFKFAUX51962003000114,20250417,20250417,HKG,20250416,,,,JFK,20250417,20250418,HKG-(RUH)-JFK,SV985-023,11.400,45.00,513.00,RMB,202504,,,6102019,D,
EA,天泽物流,CNCANDUSJFKFAUX51962004000149,20250417,20250417,HKG,20250416,,,,JFK,20250417,20250418,HKG-(RUH)-JFK,SV985-023,14.900,45.00,670.50,RMB,202504,,,6102019,D,
EA,天泽物流,CNCANDUSJFKFAUX51962014000030,20250417,20250417,HKG,20250416,,,,JFK,20250417,20250418,HKG-(RUH)-JFK,SV985-023,3.000,45.00,135.00,RMB,202504,,,6102019,D,
EA,天泽物流,CNCANDUSJFKFAUX51967001100162,20250417,20250417,HKG,20250416,,,,JFK,20250417,20250418,HKG-(RUH)-JFK,SV985-023,16.200,45.00,729.00,RMB,202504,,,6102019,D,
EA,天泽物流,CNCANDUSJFKFAUX51901015000184,20250417,20250417,HKG,20250416,,,,JFK,20250417,20250418,HKG-(RUH)-JFK,SV985-023,18.400,45.00,828.00,RMB,202504,,,6102019,D,
EA,天泽物流,CNCANDUSJFKFAUX51952001100150,20250417,20250417,HKG,20250416,,,,JFK,20250417,20250418,HKG-(RUH)-JFK,SV985-023,15.000,45.00,675.00,RMB,202504,,,6102019,D,
EA,天泽物流,CNCANDUSJFKFAUX51961001000175,20250417,20250417,HKG,20250416,,,,JFK,20250417,20250418,HKG-(RUH)-JFK,SV985-023,17.500,45.00,787.50,RMB,202504,,,6102019,D,
EA,天泽物流,CNCANDUSJFKFAUX51961003000145,20250417,20250417,HKG,20250416,,,,JFK,20250417,20250418,HKG-(RUH)-JFK,SV985-023,14.500,45.00,652.50,RMB,202504,,,6102019,D,
EA,天泽物流,CNCANDUSJFKFAUX51961004000225,20250417,20250417,HKG,20250416,,,,JFK,20250417,20250418,HKG-(RUH)-JFK,SV985-023,22.500,45.00,1012.50,RMB,202504,,,6102019,D,
EA,天泽物流,CNCANDUSJFKFAUX51961005000170,20250417,20250417,HKG,20250416,,,,JFK,20250417,20250418,HKG-(RUH)-JFK,SV985-023,17.000,45.00,765.00,RMB,202504,,,6102019,D,
EA,天泽物流,CNCANDUSJFKFAUX51962002000120,20250417,20250417,HKG,20250416,,,,JFK,20250417,20250418,HKG-(RUH)-JFK,SV985-023,12.000,45.00,540.00,RMB,202504,,,6102019,D,
EA,天泽物流,CNCANDUSJFKFAUX51962005000230,20250417,20250417,HKG,20250416,,,,JFK,20250417,20250418,HKG-(RUH)-JFK,SV985-023,23.000,45.00,1035.00,RMB,202504,,,6102019,D,
EA,天泽物流,CNCANDUSJFKFAUX51962013000225,20250417,20250417,HKG,20250416,,,,JFK,20250417,20250418,HKG-(RUH)-JFK,SV985-023,22.500,45.00,1012.50,RMB,202504,,,6102019,D,
EA,天泽物流,CNCANDUSJFKFAUX51965001100147,20250417,20250417,HKG,20250416,,,,JFK,20250417,20250418,HKG-(RUH)-JFK,SV985-023,14.700,45.00,661.50,RMB,202504,,,6102019,D,
EA,天泽物流,CNCANDUSJFKFAUX51843006000147,20250417,20250417,HKG,20250414,,,,JFK,20250415,20250416,HKG-(RUH)-JFK,SV985-023,14.700,45.00,661.50,RMB,202504,,,6102019,D,
EA,天泽物流,CNCANDUSJFKFAUX51843021000149,20250417,20250417,HKG,20250414,,,,JFK,20250415,20250416,HKG-(RUH)-JFK,SV985-023,14.900,45.00,670.50,RMB,202504,,,6102019,D,
EA,天泽物流,CNCANDUSJFKFAUX51843022000132,20250417,20250417,HKG,20250414,,,,JFK,20250415,20250416,HKG-(RUH)-JFK,SV985-023,13.200,45.00,594.00,RMB,202504,,,6102019,D,
EA,天泽物流,CNCANDUSJFKFAUX51868002100137,20250417,20250417,HKG,20250414,,,,JFK,20250415,20250416,HKG-(RUH)-JFK,SV985-023,13.700,45.00,616.50,RMB,202504,,,6102019,D,
EA,天泽物流,CNCANDUSJFKFAUX51871005000135,20250417,20250417,HKG,20250414,,,,JFK,20250415,20250416,HKG-(RUH)-JFK,SV985-023,13.500,45.00,607.50,RMB,202504,,,6102019,D,
EA,天泽物流,CNCANDUSJFKFAUX51871009000155,20250417,20250417,HKG,20250414,,,,JFK,20250415,20250416,HKG-(RUH)-JFK,SV985-023,15.500,45.00,697.50,RMB,202504,,,6102019,D,
EA,天泽物流,CNCANDUSJFKFAUX51871011000070,20250417,20250417,HKG,20250414,,,,JFK,20250415,20250416,HKG-(RUH)-JFK,SV985-023,7.000,45.00,315.00,RMB,202504,,,6102019,D,
EA,天泽物流,CNCANDUSJFKFAUX51871017000065,20250417,20250417,HKG,20250414,,,,JFK,20250415,20250416,HKG-(RUH)-JFK,SV985-023,6.500,45.00,292.50,RMB,202504,,,6102019,D,
EA,天泽物流,CNCANDUSJFKFAUX51871018000155,20250417,20250417,HKG,20250414,,,,JFK,20250415,20250416,HKG-(RUH)-JFK,SV985-023,15.500,45.00,697.50,RMB,202504,,,6102019,D,
EA,天泽物流,CNCANDUSJFKFAUX51871019000110,20250417,20250417,HKG,20250414,,,,JFK,20250415,20250416,HKG-(RUH)-JFK,SV985-023,11.000,45.00,495.00,RMB,202504,,,6102019,D,
EA,天泽物流,CNCANDUSJFKFAUX51871025000093,20250417,20250417,HKG,20250414,,,,JFK,20250415,20250416,HKG-(RUH)-JFK,SV985-023,9.300,45.00,418.50,RMB,202504,,,6102019,D,
EA,天泽物流,CNCANDUSJFKFAUX51871026000139,20250417,20250417,HKG,20250414,,,,JFK,20250415,20250416,HKG-(RUH)-JFK,SV985-023,13.900,45.00,625.50,RMB,202504,,,6102019,D,
EA,天泽物流,CNCANDUSJFKFAUX51808001100133,20250417,20250417,HKG,20250414,,,,JFK,20250415,20250416,HKG-(RUH)-JFK,SV985-023,13.300,45.00,598.50,RMB,202504,,,6102019,D,
EA,天泽物流,CNCANDUSJFKFAUX51843012000041,20250417,20250417,HKG,20250414,,,,JFK,20250415,20250416,HKG-(RUH)-JFK,SV985-023,4.100,45.00,184.50,RMB,202504,,,6102019,D,
EA,天泽物流,CNCANDUSJFKFAUX51843027000133,20250417,20250417,HKG,20250414,,,,JFK,20250415,20250416,HKG-(RUH)-JFK,SV985-023,13.300,45.00,598.50,RMB,202504,,,6102019,D,
EA,天泽物流,CNCANDUSJFKFAUX51843031100150,20250417,20250417,HKG,20250414,,,,JFK,20250415,20250416,HKG-(RUH)-JFK,SV985-023,15.000,45.00,675.00,RMB,202504,,,6102019,D,
EA,天泽物流,CNCANDUSJFKFAUX51871004000140,20250417,20250417,HKG,20250414,,,,JFK,20250415,20250416,HKG-(RUH)-JFK,SV985-023,14.000,45.00,630.00,RMB,202504,,,6102019,D,
EA,天泽物流,CNCANDUSJFKFAUX51871008000167,20250417,20250417,HKG,20250414,,,,JFK,20250415,20250416,HKG-(RUH)-JFK,SV985-023,16.700,45.00,751.50,RMB,202504,,,6102019,D,
EA,天泽物流,CNCANDUSJFKFAUX51871010000169,20250417,20250417,HKG,20250414,,,,JFK,20250415,20250416,HKG-(RUH)-JFK,SV985-023,16.900,45.00,760.50,RMB,202504,,,6102019,D,
EA,天泽物流,CNCANDUSJFKFAUX51871012000146,20250417,20250417,HKG,20250414,,,,JFK,20250415,20250416,HKG-(RUH)-JFK,SV985-023,14.600,45.00,657.00,RMB,202504,,,6102019,D,
EA,天泽物流,CNCANDUSJFKFAUX51871016000179,20250417,20250417,HKG,20250414,,,,JFK,20250415,20250416,HKG-(RUH)-JFK,SV985-023,17.900,45.00,805.50,RMB,202504,,,6102019,D,
EA,天泽物流,CNCANDUSJFKFAUX51871021000076,20250417,20250417,HKG,20250414,,,,JFK,20250415,20250416,HKG-(RUH)-JFK,SV985-023,7.600,45.00,342.00,RMB,202504,,,6102019,D,
EA,天泽物流,CNCANDUSJFKFAUX51871022000134,20250417,20250417,HKG,20250414,,,,JFK,20250415,20250416,HKG-(RUH)-JFK,SV985-023,13.400,45.00,603.00,RMB,202504,,,6102019,D,
EA,天泽物流,CNCANDUSJFKFAUX51843002000121,20250417,20250417,HKG,20250414,,,,JFK,20250415,20250416,HKG-(RUH)-JFK,SV985-023,12.100,45.00,544.50,RMB,202504,,,6102019,D,
EA,天泽物流,CNCANDUSJFKFAUX51843003000189,20250417,20250417,HKG,20250414,,,,JFK,20250415,20250416,HKG-(RUH)-JFK,SV985-023,18.900,45.00,850.50,RMB,202504,,,6102019,D,
EA,天泽物流,CNCANDUSJFKFAUX51843016000121,20250417,20250417,HKG,20250414,,,,JFK,20250415,20250416,HKG-(RUH)-JFK,SV985-023,12.100,45.00,544.50,RMB,202504,,,6102019,D,
EA,天泽物流,CNCANDUSJFKFAUX51843019000029,20250417,20250417,HKG,20250414,,,,JFK,20250415,20250416,HKG-(RUH)-JFK,SV985-023,2.900,45.00,130.50,RMB,202504,,,6102019,D,
EA,天泽物流,CNCANDUSJFKFAUX51843025000155,20250417,20250417,HKG,20250414,,,,JFK,20250415,20250416,HKG-(RUH)-JFK,SV985-023,15.500,45.00,697.50,RMB,202504,,,6102019,D,
EA,天泽物流,CNCANDUSJFKFAUX51843030000133,20250417,20250417,HKG,20250414,,,,JFK,20250415,20250416,HKG-(RUH)-JFK,SV985-023,13.300,45.00,598.50,RMB,202504,,,6102019,D,
EA,天泽物流,CNCANDUSJFKFAUX51868001000127,20250417,20250417,HKG,20250414,,,,JFK,20250415,20250416,HKG-(RUH)-JFK,SV985-023,12.700,45.00,571.50,RMB,202504,,,6102019,D,
EA,天泽物流,CNCANDUSJFKFAUX51871003000151,20250417,20250417,HKG,20250414,,,,JFK,20250415,20250416,HKG-(RUH)-JFK,SV985-023,15.100,45.00,679.50,RMB,202504,,,6102019,D,
EA,天泽物流,CNCANDUSJFKFAUX51871006000143,20250417,20250417,HKG,20250414,,,,JFK,20250415,20250416,HKG-(RUH)-JFK,SV985-023,14.300,45.00,643.50,RMB,202504,,,6102019,D,
EA,天泽物流,CNCANDUSJFKFAUX51871015000040,20250417,20250417,HKG,20250414,,,,JFK,20250415,20250416,HKG-(RUH)-JFK,SV985-023,4.000,45.00,180.00,RMB,202504,,,6102019,D,
EA,天泽物流,CNCANDUSJFKFAUX51871020000118,20250417,20250417,HKG,20250414,,,,JFK,20250415,20250416,HKG-(RUH)-JFK,SV985-023,11.800,45.00,531.00,RMB,202504,,,6102019,D,
EA,天泽物流,CNCANDUSJFKFAUX51871023000042,20250417,20250417,HKG,20250414,,,,JFK,20250415,20250416,HKG-(RUH)-JFK,SV985-023,4.200,45.00,189.00,RMB,202504,,,6102019,D,
EA,天泽物流,CNCANDUSJFKFAUX51871028000129,20250417,20250417,HKG,20250414,,,,JFK,20250415,20250416,HKG-(RUH)-JFK,SV985-023,12.900,45.00,580.50,RMB,202504,,,6102019,D,
EA,天泽物流,CNCANDUSJFKFAUX51843001000071,20250417,20250417,HKG,20250414,,,,JFK,20250415,20250416,HKG-(RUH)-JFK,SV985-023,7.100,45.00,319.50,RMB,202504,,,6102019,D,
EA,天泽物流,CNCANDUSJFKFAUX51843004000190,20250417,20250417,HKG,20250414,,,,JFK,20250415,20250416,HKG-(RUH)-JFK,SV985-023,19.000,45.00,855.00,RMB,202504,,,6102019,D,
EA,天泽物流,CNCANDUSJFKFAUX51843007000144,20250417,20250417,HKG,20250414,,,,JFK,20250415,20250416,HKG-(RUH)-JFK,SV985-023,14.400,45.00,648.00,RMB,202504,,,6102019,D,
EA,天泽物流,CNCANDUSJFKFAUX51843026000101,20250417,20250417,HKG,20250414,,,,JFK,20250415,20250416,HKG-(RUH)-JFK,SV985-023,10.100,45.00,454.50,RMB,202504,,,6102019,D,
EA,天泽物流,CNCANDUSJFKFAUX51843028000146,20250417,20250417,HKG,20250414,,,,JFK,20250415,20250416,HKG-(RUH)-JFK,SV985-023,14.600,45.00,657.00,RMB,202504,,,6102019,D,
EA,天泽物流,CNCANDUSJFKFAUX51843029000170,20250417,20250417,HKG,20250414,,,,JFK,20250415,20250416,HKG-(RUH)-JFK,SV985-023,17.000,45.00,765.00,RMB,202504,,,6102019,D,
EA,天泽物流,CNCANDUSJFKFAUX51871001000146,20250417,20250417,HKG,20250414,,,,JFK,20250415,20250416,HKG-(RUH)-JFK,SV985-023,14.600,45.00,657.00,RMB,202504,,,6102019,D,
EA,天泽物流,CNCANDUSJFKFAUX51871002000155,20250417,20250417,HKG,20250414,,,,JFK,20250415,20250416,HKG-(RUH)-JFK,SV985-023,15.500,45.00,697.50,RMB,202504,,,6102019,D,
EA,天泽物流,CNCANDUSJFKFAUX51871007000123,20250417,20250417,HKG,20250414,,,,JFK,20250415,20250416,HKG-(RUH)-JFK,SV985-023,12.300,45.00,553.50,RMB,202504,,,6102019,D,
EA,天泽物流,CNCANDUSJFKFAUX51871013000078,20250417,20250417,HKG,20250414,,,,JFK,20250415,20250416,HKG-(RUH)-JFK,SV985-023,7.800,45.00,351.00,RMB,202504,,,6102019,D,
EA,天泽物流,CNCANDUSJFKFAUX51871014000103,20250417,20250417,HKG,20250414,,,,JFK,20250415,20250416,HKG-(RUH)-JFK,SV985-023,10.300,45.00,463.50,RMB,202504,,,6102019,D,
EA,天泽物流,CNCANDUSJFKFAUX51871024000196,20250417,20250417,HKG,20250414,,,,JFK,20250415,20250416,HKG-(RUH)-JFK,SV985-023,19.600,45.00,882.00,RMB,202504,,,6102019,D,
EA,天泽物流,CNCANDUSJFKFAUX51871027000079,20250417,20250417,HKG,20250414,,,,JFK,20250415,20250416,HKG-(RUH)-JFK,SV985-023,7.900,45.00,355.50,RMB,202504,,,6102019,D,
EA,天泽物流,CNCANDUSJFKFAUX51871029100157,20250417,20250417,HKG,20250414,,,,JFK,20250415,20250416,HKG-(RUH)-JFK,SV985-023,15.700,45.00,706.50,RMB,202504,,,6102019,D,
EA,天泽物流,CNCANDUSJFKFAUX51923006000180,20250418,20250418,HKG,20250416,,,,JFK,20250417,20250418,HKG-(RUH)-JFK,SV985-023,18.000,45.00,810.00,RMB,202504,,,6102019,D,
EA,天泽物流,CNCANDUSJFKFAUX51923008000146,20250418,20250418,HKG,20250416,,,,JFK,20250417,20250418,HKG-(RUH)-JFK,SV985-023,14.600,45.00,657.00,RMB,202504,,,6102019,D,
EA,天泽物流,CNCANDUSJFKFAUX51923012000193,20250418,20250418,HKG,20250416,,,,JFK,20250417,20250418,HKG-(RUH)-JFK,SV985-023,19.300,45.00,868.50,RMB,202504,,,6102019,D,
EA,天泽物流,CNCANDUSJFKFAUX51923020100090,20250418,20250418,HKG,20250416,,,,JFK,20250417,20250418,HKG-(RUH)-JFK,SV985-023,9.000,45.00,405.00,RMB,202504,,,6102019,D,
EA,天泽物流,CNCANDUSJFKFAUX51926001000122,20250418,20250418,HKG,20250416,,,,JFK,20250417,20250418,HKG-(RUH)-JFK,SV985-023,12.200,45.00,549.00,RMB,202504,,,6102019,D,
EA,天泽物流,CNCANDUSJFKFAUX51926002000173,20250418,20250418,HKG,20250416,,,,JFK,20250417,20250418,HKG-(RUH)-JFK,SV985-023,17.300,45.00,778.50,RMB,202504,,,6102019,D,
EA,天泽物流,CNCANDUSJFKFAUX51926005000184,20250418,20250418,HKG,20250416,,,,JFK,20250417,20250418,HKG-(RUH)-JFK,SV985-023,18.400,45.00,828.00,RMB,202504,,,6102019,D,
EA,天泽物流,CNCANDUSJFKFAUX51947005000138,20250418,20250418,HKG,20250416,,,,JFK,20250417,20250418,HKG-(RUH)-JFK,SV985-023,13.800,45.00,621.00,RMB,202504,,,6102019,D,
EA,天泽物流,CNCANDUSJFKFAUX51948012000185,20250418,20250418,HKG,20250416,,,,JFK,20250417,20250418,HKG-(RUH)-JFK,SV985-023,18.500,45.00,832.50,RMB,202504,,,6102019,D,
EA,天泽物流,CNCANDUSJFKFAUX51949002100085,20250418,20250418,HKG,20250416,,,,JFK,20250417,20250418,HKG-(RUH)-JFK,SV985-023,8.500,45.00,382.50,RMB,202504,,,6102019,D,
EA,天泽物流,CNCANDUSJFKFAUX51923007000127,20250418,20250418,HKG,20250416,,,,JFK,20250417,20250418,HKG-(RUH)-JFK,SV985-023,12.700,45.00,571.50,RMB,202504,,,6102019,D,
EA,天泽物流,CNCANDUSJFKFAUX51923011000082,20250418,20250418,HKG,20250416,,,,JFK,20250417,20250418,HKG-(RUH)-JFK,SV985-023,8.200,45.00,369.00,RMB,202504,,,6102019,D,
EA,天泽物流,CNCANDUSJFKFAUX51923014000109,20250418,20250418,HKG,20250416,,,,JFK,20250417,20250418,HKG-(RUH)-JFK,SV985-023,10.900,45.00,490.50,RMB,202504,,,6102019,D,
EA,天泽物流,CNCANDUSJFKFAUX51923016000139,20250418,20250418,HKG,20250416,,,,JFK,20250417,20250418,HKG-(RUH)-JFK,SV985-023,13.900,45.00,625.50,RMB,202504,,,6102019,D,
EA,天泽物流,CNCANDUSJFKFAUX51926004000090,20250418,20250418,HKG,20250416,,,,JFK,20250417,20250418,HKG-(RUH)-JFK,SV985-023,9.000,45.00,405.00,RMB,202504,,,6102019,D,
EA,天泽物流,CNCANDUSJFKFAUX51926006000179,20250418,20250418,HKG,20250416,,,,JFK,20250417,20250418,HKG-(RUH)-JFK,SV985-023,17.900,45.00,805.50,RMB,202504,,,6102019,D,
EA,天泽物流,CNCANDUSJFKFAUX51948004000126,20250418,20250418,HKG,20250416,,,,JFK,20250417,20250418,HKG-(RUH)-JFK,SV985-023,12.600,45.00,567.00,RMB,202504,,,6102019,D,
EA,天泽物流,CNCANDUSJFKFAUX51948005000188,20250418,20250418,HKG,20250416,,,,JFK,20250417,20250418,HKG-(RUH)-JFK,SV985-023,18.800,45.00,846.00,RMB,202504,,,6102019,D,
EA,天泽物流,CNCANDUSJFKFAUX51948013000078,20250418,20250418,HKG,20250416,,,,JFK,20250417,20250418,HKG-(RUH)-JFK,SV985-023,7.800,45.00,351.00,RMB,202504,,,6102019,D,
EA,天泽物流,CNCANDUSJFKFAUX51950001100141,20250418,20250418,HKG,20250416,,,,JFK,20250417,20250418,HKG-(RUH)-JFK,SV985-023,14.100,45.00,634.50,RMB,202504,,,6102019,D,
EA,天泽物流,CNCANDUSJFKFAUX51923001000163,20250418,20250418,HKG,20250416,,,,JFK,20250417,20250418,HKG-(RUH)-JFK,SV985-023,16.300,45.00,733.50,RMB,202504,,,6102019,D,
EA,天泽物流,CNCANDUSJFKFAUX51923003000107,20250418,20250418,HKG,20250416,,,,JFK,20250417,20250418,HKG-(RUH)-JFK,SV985-023,10.700,45.00,481.50,RMB,202504,,,6102019,D,
EA,天泽物流,CNCANDUSJFKFAUX51923004000186,20250418,20250418,HKG,20250416,,,,JFK,20250417,20250418,HKG-(RUH)-JFK,SV985-023,18.600,45.00,837.00,RMB,202504,,,6102019,D,
EA,天泽物流,CNCANDUSJFKFAUX51923009000137,20250418,20250418,HKG,20250416,,,,JFK,20250417,20250418,HKG-(RUH)-JFK,SV985-023,13.700,45.00,616.50,RMB,202504,,,6102019,D,
EA,天泽物流,CNCANDUSJFKFAUX51923010000093,20250418,20250418,HKG,20250416,,,,JFK,20250417,20250418,HKG-(RUH)-JFK,SV985-023,9.300,45.00,418.50,RMB,202504,,,6102019,D,
EA,天泽物流,CNCANDUSJFKFAUX51923015000168,20250418,20250418,HKG,20250416,,,,JFK,20250417,20250418,HKG-(RUH)-JFK,SV985-023,16.800,45.00,756.00,RMB,202504,,,6102019,D,
EA,天泽物流,CNCANDUSJFKFAUX51923018000098,20250418,20250418,HKG,20250416,,,,JFK,20250417,20250418,HKG-(RUH)-JFK,SV985-023,9.800,45.00,441.00,RMB,202504,,,6102019,D,
EA,天泽物流,CNCANDUSJFKFAUX51923019000120,20250418,20250418,HKG,20250416,,,,JFK,20250417,20250418,HKG-(RUH)-JFK,SV985-023,12.000,45.00,540.00,RMB,202504,,,6102019,D,
EA,天泽物流,CNCANDUSJFKFAUX51946001100169,20250418,20250418,HKG,20250416,,,,JFK,20250417,20250418,HKG-(RUH)-JFK,SV985-023,16.900,45.00,760.50,RMB,202504,,,6102019,D,
EA,天泽物流,CNCANDUSJFKFAUX51947002000157,20250418,20250418,HKG,20250416,,,,JFK,20250417,20250418,HKG-(RUH)-JFK,SV985-023,15.700,45.00,706.50,RMB,202504,,,6102019,D,
EA,天泽物流,CNCANDUSJFKFAUX51947006100155,20250418,20250418,HKG,20250416,,,,JFK,20250417,20250418,HKG-(RUH)-JFK,SV985-023,15.500,45.00,697.50,RMB,202504,,,6102019,D,
EA,天泽物流,CNCANDUSJFKFAUX51948008000132,20250418,20250418,HKG,20250416,,,,JFK,20250417,20250418,HKG-(RUH)-JFK,SV985-023,13.200,45.00,594.00,RMB,202504,,,6102019,D,
EA,天泽物流,CNCANDUSJFKFAUX51948009000212,20250418,20250418,HKG,20250416,,,,JFK,20250417,20250418,HKG-(RUH)-JFK,SV985-023,21.200,45.00,954.00,RMB,202504,,,6102019,D,
EA,天泽物流,CNCANDUSJFKFAUX51948010000163,20250418,20250418,HKG,20250416,,,,JFK,20250417,20250418,HKG-(RUH)-JFK,SV985-023,16.300,45.00,733.50,RMB,202504,,,6102019,D,
EA,天泽物流,CNCANDUSJFKFAUX51948014100047,20250418,20250418,HKG,20250416,,,,JFK,20250417,20250418,HKG-(RUH)-JFK,SV985-023,4.700,45.00,211.50,RMB,202504,,,6102019,D,
EA,天泽物流,CNCANDUSJFKFAUX51923002000150,20250418,20250418,HKG,20250416,,,,JFK,20250417,20250418,HKG-(RUH)-JFK,SV985-023,15.000,45.00,675.00,RMB,202504,,,6102019,D,
EA,天泽物流,CNCANDUSJFKFAUX51923005000168,20250418,20250418,HKG,20250416,,,,JFK,20250417,20250418,HKG-(RUH)-JFK,SV985-023,16.800,45.00,756.00,RMB,202504,,,6102019,D,
EA,天泽物流,CNCANDUSJFKFAUX51923013000131,20250418,20250418,HKG,20250416,,,,JFK,20250417,20250418,HKG-(RUH)-JFK,SV985-023,13.100,45.00,589.50,RMB,202504,,,6102019,D,
EA,天泽物流,CNCANDUSJFKFAUX51923017000189,20250418,20250418,HKG,20250416,,,,JFK,20250417,20250418,HKG-(RUH)-JFK,SV985-023,18.900,45.00,850.50,RMB,202504,,,6102019,D,
EA,天泽物流,CNCANDUSJFKFAUX51926003000151,20250418,20250418,HKG,20250416,,,,JFK,20250417,20250418,HKG-(RUH)-JFK,SV985-023,15.100,45.00,679.50,RMB,202504,,,6102019,D,
EA,天泽物流,CNCANDUSJFKFAUX51926007100055,20250418,20250418,HKG,20250416,,,,JFK,20250417,20250418,HKG-(RUH)-JFK,SV985-023,5.500,45.00,247.50,RMB,202504,,,6102019,D,
EA,天泽物流,CNCANDUSJFKFAUX51947001000147,20250418,20250418,HKG,20250416,,,,JFK,20250417,20250418,HKG-(RUH)-JFK,SV985-023,14.700,45.00,661.50,RMB,202504,,,6102019,D,
EA,天泽物流,CNCANDUSJFKFAUX51947003000130,20250418,20250418,HKG,20250416,,,,JFK,20250417,20250418,HKG-(RUH)-JFK,SV985-023,13.000,45.00,585.00,RMB,202504,,,6102019,D,
EA,天泽物流,CNCANDUSJFKFAUX51947004000100,20250418,20250418,HKG,20250416,,,,JFK,20250417,20250418,HKG-(RUH)-JFK,SV985-023,10.000,45.00,450.00,RMB,202504,,,6102019,D,
EA,天泽物流,CNCANDUSJFKFAUX51948001000152,20250418,20250418,HKG,20250416,,,,JFK,20250417,20250418,HKG-(RUH)-JFK,SV985-023,15.200,45.00,684.00,RMB,202504,,,6102019,D,
EA,天泽物流,CNCANDUSJFKFAUX51948002000159,20250418,20250418,HKG,20250416,,,,JFK,20250417,20250418,HKG-(RUH)-JFK,SV985-023,15.900,45.00,715.50,RMB,202504,,,6102019,D,
EA,天泽物流,CNCANDUSJFKFAUX51948003000180,20250418,20250418,HKG,20250416,,,,JFK,20250417,20250418,HKG-(RUH)-JFK,SV985-023,18.000,45.00,810.00,RMB,202504,,,6102019,D,
EA,天泽物流,CNCANDUSJFKFAUX51948006000185,20250418,20250418,HKG,20250416,,,,JFK,20250417,20250418,HKG-(RUH)-JFK,SV985-023,18.500,45.00,832.50,RMB,202504,,,6102019,D,
EA,天泽物流,CNCANDUSJFKFAUX51948007000167,20250418,20250418,HKG,20250416,,,,JFK,20250417,20250418,HKG-(RUH)-JFK,SV985-023,16.700,45.00,751.50,RMB,202504,,,6102019,D,
EA,天泽物流,CNCANDUSJFKFAUX51948011000117,20250418,20250418,HKG,20250416,,,,JFK,20250417,20250418,HKG-(RUH)-JFK,SV985-023,11.700,45.00,526.50,RMB,202504,,,6102019,D,
EA,天泽物流,CNCANDUSJFKFAUX51949001000189,20250418,20250418,HKG,20250416,,,,JFK,20250417,20250418,HKG-(RUH)-JFK,SV985-023,18.900,45.00,850.50,RMB,202504,,,6102019,D,
EA,天泽物流,CNCANDUSJFKFAUX51881004000132,20250418,20250418,HKG,20250415,,,,JFK,20250416,20250417,HKG-(RUH)-JFK,SV985-023,13.200,45.00,594.00,RMB,202504,,,6102019,D,
EA,天泽物流,CNCANDUSJFKFAUX51881012000119,20250418,20250418,HKG,20250415,,,,JFK,20250416,20250417,HKG-(RUH)-JFK,SV985-023,11.900,45.00,535.50,RMB,202504,,,6102019,D,
EA,天泽物流,CNCANDUSJFKFAUX51884001000174,20250418,20250418,HKG,20250415,,,,JFK,20250416,20250417,HKG-(RUH)-JFK,SV985-023,17.400,45.00,783.00,RMB,202504,,,6102019,D,
EA,天泽物流,CNCANDUSJFKFAUX51884002000252,20250418,20250418,HKG,20250415,,,,JFK,20250416,20250417,HKG-(RUH)-JFK,SV985-023,25.200,45.00,1134.00,RMB,202504,,,6102019,D,
EA,天泽物流,CNCANDUSJFKFAUX51884004000211,20250418,20250418,HKG,20250415,,,,JFK,20250416,20250417,HKG-(RUH)-JFK,SV985-023,21.100,45.00,949.50,RMB,202504,,,6102019,D,
EA,天泽物流,CNCANDUSJFKFAUX51901004000153,20250418,20250418,HKG,20250415,,,,JFK,20250416,20250417,HKG-(RUH)-JFK,SV985-023,15.300,45.00,688.50,RMB,202504,,,6102019,D,
EA,天泽物流,CNCANDUSJFKFAUX51901007000189,20250418,20250418,HKG,20250415,,,,JFK,20250416,20250417,HKG-(RUH)-JFK,SV985-023,18.900,45.00,850.50,RMB,202504,,,6102019,D,
EA,天泽物流,CNCANDUSJFKFAUX51901008000146,20250418,20250418,HKG,20250415,,,,JFK,20250416,20250417,HKG-(RUH)-JFK,SV985-023,14.600,45.00,657.00,RMB,202504,,,6102019,D,
EA,天泽物流,CNCANDUSJFKFAUX51901011000124,20250418,20250418,HKG,20250415,,,,JFK,20250416,20250417,HKG-(RUH)-JFK,SV985-023,12.400,45.00,558.00,RMB,202504,,,6102019,D,
EA,天泽物流,CNCANDUSJFKFAUX51901012000142,20250418,20250418,HKG,20250415,,,,JFK,20250416,20250417,HKG-(RUH)-JFK,SV985-023,14.200,45.00,639.00,RMB,202504,,,6102019,D,
EA,天泽物流,CNCANDUSJFKFAUX51901020000164,20250418,20250418,HKG,20250415,,,,JFK,20250416,20250417,HKG-(RUH)-JFK,SV985-023,16.400,45.00,738.00,RMB,202504,,,6102019,D,
EA,天泽物流,CNCANDUSJFKFAUX51901021000158,20250418,20250418,HKG,20250415,,,,JFK,20250416,20250417,HKG-(RUH)-JFK,SV985-023,15.800,45.00,711.00,RMB,202504,,,6102019,D,
EA,天泽物流,CNCANDUSJFKFAUX51881007000115,20250418,20250418,HKG,20250415,,,,JFK,20250416,20250417,HKG-(RUH)-JFK,SV985-023,11.500,45.00,517.50,RMB,202504,,,6102019,D,
EA,天泽物流,CNCANDUSJFKFAUX51881010000090,20250418,20250418,HKG,20250415,,,,JFK,20250416,20250417,HKG-(RUH)-JFK,SV985-023,9.000,45.00,405.00,RMB,202504,,,6102019,D,
EA,天泽物流,CNCANDUSJFKFAUX51881011000135,20250418,20250418,HKG,20250415,,,,JFK,20250416,20250417,HKG-(RUH)-JFK,SV985-023,13.500,45.00,607.50,RMB,202504,,,6102019,D,
EA,天泽物流,CNCANDUSJFKFAUX51881015100048,20250418,20250418,HKG,20250415,,,,JFK,20250416,20250417,HKG-(RUH)-JFK,SV985-023,4.800,45.00,216.00,RMB,202504,,,6102019,D,
EA,天泽物流,CNCANDUSJFKFAUX51884006000188,20250418,20250418,HKG,20250415,,,,JFK,20250416,20250417,HKG-(RUH)-JFK,SV985-023,18.800,45.00,846.00,RMB,202504,,,6102019,D,
EA,天泽物流,CNCANDUSJFKFAUX51884008000170,20250418,20250418,HKG,20250415,,,,JFK,20250416,20250417,HKG-(RUH)-JFK,SV985-023,17.000,45.00,765.00,RMB,202504,,,6102019,D,
EA,天泽物流,CNCANDUSJFKFAUX51886003100123,20250418,20250418,HKG,20250415,,,,JFK,20250416,20250417,HKG-(RUH)-JFK,SV985-023,12.300,45.00,553.50,RMB,202504,,,6102019,D,
EA,天泽物流,CNCANDUSJFKFAUX51901002000200,20250418,20250418,HKG,20250415,,,,JFK,20250416,20250417,HKG-(RUH)-JFK,SV985-023,20.000,45.00,900.00,RMB,202504,,,6102019,D,
EA,天泽物流,CNCANDUSJFKFAUX51901005000168,20250418,20250418,HKG,20250415,,,,JFK,20250416,20250417,HKG-(RUH)-JFK,SV985-023,16.800,45.00,756.00,RMB,202504,,,6102019,D,
EA,天泽物流,CNCANDUSJFKFAUX51901009000131,20250418,20250418,HKG,20250415,,,,JFK,20250416,20250417,HKG-(RUH)-JFK,SV985-023,13.100,45.00,589.50,RMB,202504,,,6102019,D,
EA,天泽物流,CNCANDUSJFKFAUX51901013000168,20250418,20250418,HKG,20250415,,,,JFK,20250416,20250417,HKG-(RUH)-JFK,SV985-023,16.800,45.00,756.00,RMB,202504,,,6102019,D,
EA,天泽物流,CNCANDUSJFKFAUX51901014000167,20250418,20250418,HKG,20250415,,,,JFK,20250416,20250417,HKG-(RUH)-JFK,SV985-023,16.700,45.00,751.50,RMB,202504,,,6102019,D,
EA,天泽物流,CNCANDUSJFKFAUX51901018000153,20250418,20250418,HKG,20250415,,,,JFK,20250416,20250417,HKG-(RUH)-JFK,SV985-023,15.300,45.00,688.50,RMB,202504,,,6102019,D,
EA,天泽物流,CNCANDUSJFKFAUX51901019000156,20250418,20250418,HKG,20250415,,,,JFK,20250416,20250417,HKG-(RUH)-JFK,SV985-023,15.600,45.00,702.00,RMB,202504,,,6102019,D,
EA,天泽物流,CNCANDUSJFKFAUX51881002000112,20250418,20250418,HKG,20250415,,,,JFK,20250416,20250417,HKG-(RUH)-JFK,SV985-023,11.200,45.00,504.00,RMB,202504,,,6102019,D,
EA,天泽物流,CNCANDUSJFKFAUX51881003000138,20250418,20250418,HKG,20250415,,,,JFK,20250416,20250417,HKG-(RUH)-JFK,SV985-023,13.800,45.00,621.00,RMB,202504,,,6102019,D,
EA,天泽物流,CNCANDUSJFKFAUX51881005000148,20250418,20250418,HKG,20250415,,,,JFK,20250416,20250417,HKG-(RUH)-JFK,SV985-023,14.800,45.00,666.00,RMB,202504,,,6102019,D,
EA,天泽物流,CNCANDUSJFKFAUX51881008000126,20250418,20250418,HKG,20250415,,,,JFK,20250416,20250417,HKG-(RUH)-JFK,SV985-023,12.600,45.00,567.00,RMB,202504,,,6102019,D,
EA,天泽物流,CNCANDUSJFKFAUX51881009000150,20250418,20250418,HKG,20250415,,,,JFK,20250416,20250417,HKG-(RUH)-JFK,SV985-023,15.000,45.00,675.00,RMB,202504,,,6102019,D,
EA,天泽物流,CNCANDUSJFKFAUX51884003000149,20250418,20250418,HKG,20250415,,,,JFK,20250416,20250417,HKG-(RUH)-JFK,SV985-023,14.900,45.00,670.50,RMB,202504,,,6102019,D,
EA,天泽物流,CNCANDUSJFKFAUX51884007000157,20250418,20250418,HKG,20250415,,,,JFK,20250416,20250417,HKG-(RUH)-JFK,SV985-023,15.700,45.00,706.50,RMB,202504,,,6102019,D,
EA,天泽物流,CNCANDUSJFKFAUX51884009100140,20250418,20250418,HKG,20250415,,,,JFK,20250416,20250417,HKG-(RUH)-JFK,SV985-023,14.000,45.00,630.00,RMB,202504,,,6102019,D,
EA,天泽物流,CNCANDUSJFKFAUX51886002000045,20250418,20250418,HKG,20250415,,,,JFK,20250416,20250417,HKG-(RUH)-JFK,SV985-023,4.500,45.00,202.50,RMB,202504,,,6102019,D,
EA,天泽物流,CNCANDUSJFKFAUX51901001000253,20250418,20250418,HKG,20250415,,,,JFK,20250416,20250417,HKG-(RUH)-JFK,SV985-023,25.300,45.00,1138.50,RMB,202504,,,6102019,D,
EA,天泽物流,CNCANDUSJFKFAUX51901003000162,20250418,20250418,HKG,20250415,,,,JFK,20250416,20250417,HKG-(RUH)-JFK,SV985-023,16.200,45.00,729.00,RMB,202504,,,6102019,D,
EA,天泽物流,CNCANDUSJFKFAUX51901010000150,20250418,20250418,HKG,20250415,,,,JFK,20250416,20250417,HKG-(RUH)-JFK,SV985-023,15.000,45.00,675.00,RMB,202504,,,6102019,D,
EA,天泽物流,CNCANDUSJFKFAUX51901016000170,20250418,20250418,HKG,20250415,,,,JFK,20250416,20250417,HKG-(RUH)-JFK,SV985-023,17.000,45.00,765.00,RMB,202504,,,6102019,D,
EA,天泽物流,CNCANDUSJFKFAUX51901017000172,20250418,20250418,HKG,20250415,,,,JFK,20250416,20250417,HKG-(RUH)-JFK,SV985-023,17.200,45.00,774.00,RMB,202504,,,6102019,D,
EA,天泽物流,CNCANDUSJFKFAUX51901022000070,20250418,20250418,HKG,20250415,,,,JFK,20250416,20250417,HKG-(RUH)-JFK,SV985-023,7.000,45.00,315.00,RMB,202504,,,6102019,D,
EA,天泽物流,CNCANDUSJFKFAUX51881001000119,20250418,20250418,HKG,20250415,,,,JFK,20250416,20250417,HKG-(RUH)-JFK,SV985-023,11.900,45.00,535.50,RMB,202504,,,6102019,D,
EA,天泽物流,CNCANDUSJFKFAUX51881006000155,20250418,20250418,HKG,20250415,,,,JFK,20250416,20250417,HKG-(RUH)-JFK,SV985-023,15.500,45.00,697.50,RMB,202504,,,6102019,D,
EA,天泽物流,CNCANDUSJFKFAUX51881013000205,20250418,20250418,HKG,20250415,,,,JFK,20250416,20250417,HKG-(RUH)-JFK,SV985-023,20.500,45.00,922.50,RMB,202504,,,6102019,D,
EA,天泽物流,CNCANDUSJFKFAUX51881014000117,20250418,20250418,HKG,20250415,,,,JFK,20250416,20250417,HKG-(RUH)-JFK,SV985-023,11.700,45.00,526.50,RMB,202504,,,6102019,D,
EA,天泽物流,CNCANDUSJFKFAUX51884005000156,20250418,20250418,HKG,20250415,,,,JFK,20250416,20250417,HKG-(RUH)-JFK,SV985-023,15.600,45.00,702.00,RMB,202504,,,6102019,D,
EA,天泽物流,CNCANDUSJFKFAUX51886001000144,20250418,20250418,HKG,20250415,,,,JFK,20250416,20250417,HKG-(RUH)-JFK,SV985-023,14.400,45.00,648.00,RMB,202504,,,6102019,D,
EA,天泽物流,CNCANDUSJFKFAUX51987002000209,20250423,20250423,HKG,20250418,,,,JFK,20250419,20250420,HKG-(RUH)-JFK,SV985-023,20.900,45.00,940.50,RMB,202504,,,6102019,D,
EA,天泽物流,CNCANDUSJFKFAUX51978004000160,20250423,20250423,HKG,20250418,,,,JFK,20250419,20250420,HKG-(RUH)-JFK,SV985-023,16.000,45.00,720.00,RMB,202504,,,6102019,D,
EA,天泽物流,CNCANDUSJFKFAUX51978007100171,20250423,20250423,HKG,20250418,,,,JFK,20250419,20250420,HKG-(RUH)-JFK,SV985-023,17.100,45.00,769.50,RMB,202504,,,6102019,D,
EA,天泽物流,CNCANDUSJFKFAUX51983005000126,20250423,20250423,HKG,20250418,,,,JFK,20250419,20250420,HKG-(RUH)-JFK,SV985-023,12.600,45.00,567.00,RMB,202504,,,6102019,D,
EA,天泽物流,CNCANDUSJFKFAUX51983006000118,20250423,20250423,HKG,20250418,,,,JFK,20250419,20250420,HKG-(RUH)-JFK,SV985-023,11.800,45.00,531.00,RMB,202504,,,6102019,D,
EA,天泽物流,CNCANDUSJFKFAUX51983010000217,20250423,20250423,HKG,20250418,,,,JFK,20250419,20250420,HKG-(RUH)-JFK,SV985-023,21.700,45.00,976.50,RMB,202504,,,6102019,D,
EA,天泽物流,CNCANDUSJFKFAUX51983013000133,20250423,20250423,HKG,20250418,,,,JFK,20250419,20250420,HKG-(RUH)-JFK,SV985-023,13.300,45.00,598.50,RMB,202504,,,6102019,D,
EA,天泽物流,CNCANDUSJFKFAUX51985006000041,20250423,20250423,HKG,20250418,,,,JFK,20250419,20250420,HKG-(RUH)-JFK,SV985-023,4.100,45.00,184.50,RMB,202504,,,6102019,D,
EA,天泽物流,CNCANDUSJFKFAUX51985013000172,20250423,20250423,HKG,20250418,,,,JFK,20250419,20250420,HKG-(RUH)-JFK,SV985-023,17.200,45.00,774.00,RMB,202504,,,6102019,D,
EA,天泽物流,CNCANDUSJFKFAUX51985014000174,20250423,20250423,HKG,20250418,,,,JFK,20250419,20250420,HKG-(RUH)-JFK,SV985-023,17.400,45.00,783.00,RMB,202504,,,6102019,D,
EA,天泽物流,CNCANDUSJFKFAUX51983003000139,20250423,20250423,HKG,20250418,,,,JFK,20250419,20250420,HKG-(RUH)-JFK,SV985-023,13.900,45.00,625.50,RMB,202504,,,6102019,D,
EA,天泽物流,CNCANDUSJFKFAUX51983007000134,20250423,20250423,HKG,20250418,,,,JFK,20250419,20250420,HKG-(RUH)-JFK,SV985-023,13.400,45.00,603.00,RMB,202504,,,6102019,D,
EA,天泽物流,CNCANDUSJFKFAUX51983014100207,20250423,20250423,HKG,20250418,,,,JFK,20250419,20250420,HKG-(RUH)-JFK,SV985-023,20.700,45.00,931.50,RMB,202504,,,6102019,D,
EA,天泽物流,CNCANDUSJFKFAUX51985008000095,20250423,20250423,HKG,20250418,,,,JFK,20250419,20250420,HKG-(RUH)-JFK,SV985-023,9.500,45.00,427.50,RMB,202504,,,6102019,D,
EA,天泽物流,CNCANDUSJFKFAUX51986003100213,20250423,20250423,HKG,20250418,,,,JFK,20250419,20250420,HKG-(RUH)-JFK,SV985-023,21.300,45.00,958.50,RMB,202504,,,6102019,D,
EA,天泽物流,CNCANDUSJFKFAUX51987003000132,20250423,20250423,HKG,20250418,,,,JFK,20250419,20250420,HKG-(RUH)-JFK,SV985-023,13.200,45.00,594.00,RMB,202504,,,6102019,D,
EA,天泽物流,CNCANDUSJFKFAUX51961002000140,20250423,20250423,HKG,20250418,,,,JFK,20250419,20250420,HKG-(RUH)-JFK,SV985-023,14.000,45.00,630.00,RMB,202504,,,6102019,D,
EA,天泽物流,CNCANDUSJFKFAUX51962015100068,20250423,20250423,HKG,20250418,,,,JFK,20250419,20250420,HKG-(RUH)-JFK,SV985-023,6.800,45.00,306.00,RMB,202504,,,6102019,D,
EA,天泽物流,CNCANDUSJFKFAUX51974002100211,20250423,20250423,HKG,20250418,,,,JFK,20250419,20250420,HKG-(RUH)-JFK,SV985-023,21.100,45.00,949.50,RMB,202504,,,6102019,D,
EA,天泽物流,CNCANDUSJFKFAUX51983001000122,20250423,20250423,HKG,20250418,,,,JFK,20250419,20250420,HKG-(RUH)-JFK,SV985-023,12.200,45.00,549.00,RMB,202504,,,6102019,D,
EA,天泽物流,CNCANDUSJFKFAUX51983002000122,20250423,20250423,HKG,20250418,,,,JFK,20250419,20250420,HKG-(RUH)-JFK,SV985-023,12.200,45.00,549.00,RMB,202504,,,6102019,D,
EA,天泽物流,CNCANDUSJFKFAUX51983004000171,20250423,20250423,HKG,20250418,,,,JFK,20250419,20250420,HKG-(RUH)-JFK,SV985-023,17.100,45.00,769.50,RMB,202504,,,6102019,D,
EA,天泽物流,CNCANDUSJFKFAUX51985011000138,20250423,20250423,HKG,20250418,,,,JFK,20250419,20250420,HKG-(RUH)-JFK,SV985-023,13.800,45.00,621.00,RMB,202504,,,6102019,D,
EA,天泽物流,CNCANDUSJFKFAUX51987004100187,20250423,20250423,HKG,20250418,,,,JFK,20250419,20250420,HKG-(RUH)-JFK,SV985-023,18.700,45.00,841.50,RMB,202504,,,6102019,D,
EA,天泽物流,CNCANDUSJFKFAUX51983012000143,20250423,20250423,HKG,20250418,,,,JFK,20250419,20250420,HKG-(RUH)-JFK,SV985-023,14.300,45.00,643.50,RMB,202504,,,6102019,D,
EA,天泽物流,CNCANDUSJFKFAUX51985003000173,20250423,20250423,HKG,20250418,,,,JFK,20250419,20250420,HKG-(RUH)-JFK,SV985-023,17.300,45.00,778.50,RMB,202504,,,6102019,D,
EA,天泽物流,CNCANDUSJFKFAUX51985005000224,20250423,20250423,HKG,20250418,,,,JFK,20250419,20250420,HKG-(RUH)-JFK,SV985-023,22.400,45.00,1008.00,RMB,202504,,,6102019,D,
EA,天泽物流,CNCANDUSJFKFAUX51985009000197,20250423,20250423,HKG,20250418,,,,JFK,20250419,20250420,HKG-(RUH)-JFK,SV985-023,19.700,45.00,886.50,RMB,202504,,,6102019,D,
EA,天泽物流,CNCANDUSJFKFAUX51986001000128,20250423,20250423,HKG,20250418,,,,JFK,20250419,20250420,HKG-(RUH)-JFK,SV985-023,12.800,45.00,576.00,RMB,202504,,,6102019,D,
EA,天泽物流,CNCANDUSJFKFAUX51962007000149,20250423,20250423,HKG,20250418,,,,JFK,20250419,20250420,HKG-(RUH)-JFK,SV985-023,14.900,45.00,670.50,RMB,202504,,,6102019,D,
EA,天泽物流,CNCANDUSJFKFAUX51962009000088,20250423,20250423,HKG,20250418,,,,JFK,20250419,20250420,HKG-(RUH)-JFK,SV985-023,8.800,45.00,396.00,RMB,202504,,,6102019,D,
EA,天泽物流,CNCANDUSJFKFAUX51962012000087,20250423,20250423,HKG,20250418,,,,JFK,20250419,20250420,HKG-(RUH)-JFK,SV985-023,8.700,45.00,391.50,RMB,202504,,,6102019,D,
EA,天泽物流,CNCANDUSJFKFAUX51972001000172,20250423,20250423,HKG,20250418,,,,JFK,20250419,20250420,HKG-(RUH)-JFK,SV985-023,17.200,45.00,774.00,RMB,202504,,,6102019,D,
EA,天泽物流,CNCANDUSJFKFAUX51974001000079,20250423,20250423,HKG,20250418,,,,JFK,20250419,20250420,HKG-(RUH)-JFK,SV985-023,7.900,45.00,355.50,RMB,202504,,,6102019,D,
EA,天泽物流,CNCANDUSJFKFAUX51983009000196,20250423,20250423,HKG,20250418,,,,JFK,20250419,20250420,HKG-(RUH)-JFK,SV985-023,19.600,45.00,882.00,RMB,202504,,,6102019,D,
EA,天泽物流,CNCANDUSJFKFAUX51985002000219,20250423,20250423,HKG,20250418,,,,JFK,20250419,20250420,HKG-(RUH)-JFK,SV985-023,21.900,45.00,985.50,RMB,202504,,,6102019,D,
EA,天泽物流,CNCANDUSJFKFAUX51985012000238,20250423,20250423,HKG,20250418,,,,JFK,20250419,20250420,HKG-(RUH)-JFK,SV985-023,23.800,45.00,1071.00,RMB,202504,,,6102019,D,
EA,天泽物流,CNCANDUSJFKFAUX51971001100197,20250423,20250423,HKG,20250418,,,,JFK,20250419,20250420,HKG-(RUH)-JFK,SV985-023,19.700,45.00,886.50,RMB,202504,,,6102019,D,
EA,天泽物流,CNCANDUSJFKFAUX51985001000172,20250423,20250423,HKG,20250418,,,,JFK,20250419,20250420,HKG-(RUH)-JFK,SV985-023,17.200,45.00,774.00,RMB,202504,,,6102019,D,
EA,天泽物流,CNCANDUSJFKFAUX51985007000168,20250423,20250423,HKG,20250418,,,,JFK,20250419,20250420,HKG-(RUH)-JFK,SV985-023,16.800,45.00,756.00,RMB,202504,,,6102019,D,
EA,天泽物流,CNCANDUSJFKFAUX51985010000125,20250423,20250423,HKG,20250418,,,,JFK,20250419,20250420,HKG-(RUH)-JFK,SV985-023,12.500,45.00,562.50,RMB,202504,,,6102019,D,
EA,天泽物流,CNCANDUSJFKFAUX51951001100022,20250423,20250423,HKG,20250418,,,,JFK,20250419,20250420,HKG-(RUH)-JFK,SV985-023,2.200,45.00,99.00,RMB,202504,,,6102019,D,
EA,天泽物流,CNCANDUSJFKFAUX51978005000162,20250423,20250423,HKG,20250418,,,,JFK,20250419,20250420,HKG-(RUH)-JFK,SV985-023,16.200,45.00,729.00,RMB,202504,,,6102019,D,
EA,天泽物流,CNCANDUSJFKFAUX51978006000189,20250423,20250423,HKG,20250418,,,,JFK,20250419,20250420,HKG-(RUH)-JFK,SV985-023,18.900,45.00,850.50,RMB,202504,,,6102019,D,
EA,天泽物流,CNCANDUSJFKFAUX51985015000195,20250423,20250423,HKG,20250418,,,,JFK,20250419,20250420,HKG-(RUH)-JFK,SV985-023,19.500,45.00,877.50,RMB,202504,,,6102019,D,
EA,天泽物流,CNCANDUSJFKFAUX51985016100075,20250423,20250423,HKG,20250418,,,,JFK,20250419,20250420,HKG-(RUH)-JFK,SV985-023,7.500,45.00,337.50,RMB,202504,,,6102019,D,
EA,天泽物流,CNCANDUSJFKFAUX51983011000168,20250423,20250423,HKG,20250418,,,,JFK,20250419,20250420,HKG-(RUH)-JFK,SV985-023,16.800,45.00,756.00,RMB,202504,,,6102019,D,
EA,天泽物流,CNCANDUSJFKFAUX51985004000180,20250423,20250423,HKG,20250418,,,,JFK,20250419,20250420,HKG-(RUH)-JFK,SV985-023,18.000,45.00,810.00,RMB,202504,,,6102019,D,
EA,天泽物流,CNCANDUSJFKFAUX51986002000197,20250423,20250423,HKG,20250418,,,,JFK,20250419,20250420,HKG-(RUH)-JFK,SV985-023,19.700,45.00,886.50,RMB,202504,,,6102019,D,
EA,天泽物流,CNCANDUSJFKFAUX51987001000200,20250423,20250423,HKG,20250418,,,,JFK,20250419,20250420,HKG-(RUH)-JFK,SV985-023,20.000,45.00,900.00,RMB,202504,,,6102019,D,
EA,天泽物流,CNCANDUSJFKFAUX51975001100177,20250423,20250423,HKG,20250422,,,,JFK,20250423,20250424,HKG-(RUH)-JFK,SV985-023,17.700,45.00,796.50,RMB,202504,,,6102019,D,
EA,天泽物流,CNCANDUSJFKFAUX51978003000146,20250423,20250423,HKG,20250422,,,,JFK,20250423,20250424,HKG-(RUH)-JFK,SV985-023,14.600,45.00,657.00,RMB,202504,,,6102019,D,
EA,天泽物流,CNCANDUSJFKFAUX51973001100152,20250423,20250423,HKG,20250422,,,,JFK,20250423,20250424,HKG-(RUH)-JFK,SV985-023,15.200,45.00,684.00,RMB,202504,,,6102019,D,
EA,天泽物流,CNCANDUSJFKFAUX51972002100106,20250423,20250423,HKG,20250422,,,,JFK,20250423,20250424,HKG-(RUH)-JFK,SV985-023,10.600,45.00,477.00,RMB,202504,,,6102019,D,
EA,天泽物流,CNCANDUSJFKFAUX51978001000145,20250423,20250423,HKG,20250422,,,,JFK,20250423,20250424,HKG-(RUH)-JFK,SV985-023,14.500,45.00,652.50,RMB,202504,,,6102019,D,
EA,天泽物流,CNCANDUSJFKFAUX51983008000182,20250423,20250423,HKG,20250422,,,,JFK,20250423,20250424,HKG-(RUH)-JFK,SV985-023,18.200,45.00,819.00,RMB,202504,,,6102019,D,
EA,天泽物流,CNCANDUSJFKFAUX51978002000190,20250423,20250423,HKG,20250422,,,,JFK,20250423,20250424,HKG-(RUH)-JFK,SV985-023,19.000,45.00,855.00,RMB,202504,,,6102019,D,
